file,player1,player2,rps_winner,game1_winner,starting_hand_player1,starting_hand_player2
1313181-76237612.json,Fryderyk Chopin,Cocozubat,False,,"Called by the Grave%%%%Abyssrhine, the Atlantean Spirit%%%%Anti-Magic Arrows%%%%Mermail Abysspike%%%%Neptabyss, the Atlantean Prince%%%%","Dominus Impulse%%%%Nibiru, the Primal Being%%%%Girsu, the Orcust Mekk-Knight%%%%Dominus Impulse%%%%Nibiru, the Primal Being%%%%"
1313181-76237695.json,Fryderyk Chopin,kuhakuthanh,False,False,"Dark Ruler No More%%%%Mermail Shadow Squad%%%%Abyssrhine, the Atlantean Spirit%%%%Mulcharmy Fuwalos%%%%Mermail Abysspike%%%%",Mulcharmy Fuwalos%%%%Lollipo☆Yummy%%%%Called by the Grave%%%%Droll & Lock Bird%%%%Yummyusment☆Mignon%%%%
1313181-76238382.json,Fryderyk Chopin,ForThoseWhoSin,False,True,"Barrier Statue of the Torrent%%%%Anti-Magic Arrows%%%%Abyssrhine, the Atlantean Spirit%%%%Sales Ban%%%%Poseidra, the Storming Atlantean%%%%",Deception of the Sinful Spoils%%%%Dominus Impulse%%%%Ash Blossom & Joyous Spring%%%%Ghost Belle & Haunted Mansion%%%%Called by the Grave%%%%
1313181-76241658.json,Fryderyk Chopin,OH REALLY?,False,False,Called by the Grave%%%%Deep Sea Diva%%%%Mulcharmy Fuwalos%%%%Sales Ban%%%%Dark Ruler No More%%%%,Maliss <P> March Hare%%%%Gold Sarcophagus%%%%Infinite Impermanence%%%%Terraforming%%%%Ash Blossom & Joyous Spring%%%%
1313181-76242360.json,Fryderyk Chopin,No Mad,True,False,"Mermail Abyssteus%%%%Poseidra, the Storming Atlantean%%%%Anti-Magic Arrows%%%%Atlantean Heavy Infantry%%%%Dominus Impulse%%%%",Dark Ruler No More%%%%Mitsurugi Prayers%%%%Ash Blossom & Joyous Spring%%%%Mitsurugi Prayers%%%%Mulcharmy Fuwalos%%%%
1313181-76242898.json,Fryderyk Chopin,hupo,False,,"Neptabyss, the Atlantean Prince%%%%Dominus Impulse%%%%Dark Ruler No More%%%%Deep Sea Diva%%%%Mermail Abyssteus%%%%",Lacrima the Crimson Tears%%%%Blackwing - Steam the Cloak%%%%Marshmao☆Yummy%%%%Ash Blossom & Joyous Spring%%%%Ame no Murakumo no Mitsurugi%%%%
1313181-76242969.json,Fryderyk Chopin,Self-Made Savage,True,False,"Anti-Magic Arrows%%%%Dominus Impulse%%%%Abyssrhine, the Atlantean Spirit%%%%Mermail Shadow Squad%%%%Atlantean Dragoons%%%%",Runick Freezing Curses%%%%Mulcharmy Fuwalos%%%%Runick Flashing Fire%%%%Runick Smiting Storm%%%%Ash Blossom & Joyous Spring%%%%
1313181-76243968.json,Fryderyk Chopin,Aegnor79,True,True,"Mermail Abyssteus%%%%Mulcharmy Purulia%%%%Dominus Spiral%%%%Abyssrhine, the Atlantean Spirit%%%%Ash Blossom & Joyous Spring%%%%",Albion the Shrouded Dragon%%%%Triple Tactics Thrust%%%%The Fallen & The Virtuous%%%%Forbidden Droplet%%%%Branded Opening%%%%
1313181-76245388&match.json,Fryderyk Chopin,Delpri2000,False,False,"Ash Blossom & Joyous Spring%%%%Mulcharmy Fuwalos%%%%Neptabyss, the Atlantean Prince%%%%Mermail Abysspike%%%%Mermail Shadow Squad%%%%","Vanquish Soul Jiaolong%%%%Vanquish Soul Dr. Mad Love%%%%K9-66a Jokul%%%%Vanquish Soul Caesar Valius%%%%Vanquish Soul, Start!%%%%"
1313181-76245388.json,Fryderyk Chopin,Delpri2000,False,False,"Ash Blossom & Joyous Spring%%%%Mulcharmy Fuwalos%%%%Neptabyss, the Atlantean Prince%%%%Mermail Abysspike%%%%Mermail Shadow Squad%%%%","Vanquish Soul Jiaolong%%%%Vanquish Soul Dr. Mad Love%%%%K9-66a Jokul%%%%Vanquish Soul Caesar Valius%%%%Vanquish Soul, Start!%%%%"
1313181-76246577.json,Fryderyk Chopin,Delpri2000,False,False,"Mermail Abyssteus%%%%Anti-Magic Arrows%%%%Mermail Abysspike%%%%Abyssrhine, the Atlantean Spirit%%%%Gluttonous Reptolphin Greethys%%%%",Ash Blossom & Joyous Spring%%%%Maliss <P> Chessy Cat%%%%Maliss In Underground%%%%Maliss in the Mirror%%%%Bystial Baldrake%%%%
1313181-76248357.json,Fryderyk Chopin,Delpri2000,True,False,"Poseidra, the Storming Atlantean%%%%Dominus Impulse%%%%Neptabyss, the Atlantean Prince%%%%Called by the Grave%%%%Mermail Abyssteus%%%%","Cooky☆Yummy%%%%Mitsurugi no Mikoto, Aramasa%%%%Mulcharmy Fuwalos%%%%Mitsurugi Mirror%%%%Pre-Preparation of Rites%%%%"
1313181-76261736.json,Fryderyk Chopin,(SKD)_Terrazas,True,True,Anti-Magic Arrows%%%%Mermail Shadow Squad%%%%Friller Rabca%%%%Mermail Shadow Squad%%%%Anti-Magic Arrows%%%%,"K9-66a Jokul%%%%K9-17 Izuna%%%%K9-66b Lantern%%%%""A Case for K9""%%%%Mulcharmy Fuwalos%%%%"
1313181-76261816.json,Fryderyk Chopin,MASTEROFDB,True,True,"Friller Rabca%%%%Mermail Abysspike%%%%Mulcharmy Fuwalos%%%%Mermail Shadow Squad%%%%Neptabyss, the Atlantean Prince%%%%",Fire King Island%%%%Ghost Belle & Haunted Mansion%%%%Fire King Courtier Ulcanix%%%%Legendary Fire King Ponix%%%%Sacred Fire King Garunix%%%%
1313181-76261868.json,Fryderyk Chopin,cuquockha,True,False,"Abyssrhine, the Atlantean Spirit%%%%Sales Ban%%%%Dominus Impulse%%%%Deep Sea Minstrel%%%%Poseidra, the Storming Atlantean%%%%",Cyber Revsystem%%%%Cyber Dragon%%%%Cybernetic Overflow%%%%Cybernetic Horizon%%%%Overload Fusion%%%%
1313181-76261890.json,Fryderyk Chopin,ihuntkirby,False,,"Mermail Shadow Squad%%%%Poseidra, the Storming Atlantean%%%%Mermail Abysspike%%%%Neptabyss, the Atlantean Prince%%%%Sales Ban%%%%",Ready Fusion%%%%Instant Fusion%%%%Danger! Nessie!%%%%Danger! Mothman!%%%%King's Sarcophagus%%%%
1313181-76261907.json,Fryderyk Chopin,minhnhat,False,True,"Poseidra, the Storming Atlantean%%%%Deep Sea Minstrel%%%%Dominus Impulse%%%%Mermail Shadow Squad%%%%Anti-Magic Arrows%%%%",Speedroid Colonel Clackers%%%%Red Hared Hasty Horse%%%%Speedroid Marble Machine%%%%Mulcharmy Purulia%%%%Triple Tactics Talent%%%%
1313181-76263378.json,Fryderyk Chopin,efraiboy,False,False,Mermail Shadow Squad%%%%Mermail Abysspike%%%%Mermail Shadow Squad%%%%Atlantean Dragoons%%%%Friller Rabca%%%%,K9-04 Noroi%%%%Ancient Gear Dark Golem%%%%K9-17 Izuna%%%%Raigeki%%%%K9-04 Noroi%%%%
1313181-76263783.json,Fryderyk Chopin,darksnow,False,False,Dominus Impulse%%%%Mermail Abyssteus%%%%Mermail Shadow Squad%%%%Deep Sea Minstrel%%%%Mermail Abyssteus%%%%,Marshmao☆Yummy%%%%Ghost Belle & Haunted Mansion%%%%Droll & Lock Bird%%%%Mulcharmy Fuwalos%%%%Mitsurugi Prayers%%%%
1313181-76264219.json,Fryderyk Chopin,Sinn0h,True,True,"Atlantean Dragoons%%%%Mulcharmy Fuwalos%%%%Neptabyss, the Atlantean Prince%%%%Mulcharmy Fuwalos%%%%Deep Sea Minstrel%%%%",Called by the Grave%%%%Infinite Impermanence%%%%Ritual Beast Inheritance%%%%Spiritual Beast Cannahawk%%%%Spiritual Beast Rampengu%%%%
1313181-76264582.json,Fryderyk Chopin,Untouchable.,False,False,"Ash Blossom & Joyous Spring%%%%Mulcharmy Fuwalos%%%%Neptabyss, the Atlantean Prince%%%%Atlantean Dragoons%%%%Atlantean Heavy Infantry%%%%",Treasures of the Kings%%%%Mystical Elf%%%%The Man with the Mark%%%%Dominus Impulse%%%%Merciless Scorpion of Serket%%%%
1313181-76264800.json,Fryderyk Chopin,ybxjsos,True,True,"Atlantean Dragoons%%%%Sales Ban%%%%Neptabyss, the Atlantean Prince%%%%Mulcharmy Fuwalos%%%%Atlantean Dragoons%%%%",Mementotlan Fusion%%%%Mementotlan Bone Party%%%%Mementotlan Tatsunootoshigo%%%%Triple Tactics Talent%%%%Book of Eclipse%%%%
1313181-76265148.json,Fryderyk Chopin,Grkm,False,False,"Deep Sea Minstrel%%%%Abyssrhine, the Atlantean Spirit%%%%Called by the Grave%%%%Sales Ban%%%%Mermail Abysspike%%%%",Ghost Belle & Haunted Mansion%%%%Dracotail Faimena%%%%Dracotail Sting%%%%Dracotail Mululu%%%%Ash Blossom & Joyous Spring%%%%
1313181-76265465.json,Fryderyk Chopin,Ascends,True,True,"Dominus Impulse%%%%Mermail Shadow Squad%%%%Sales Ban%%%%Anti-Magic Arrows%%%%Neptabyss, the Atlantean Prince%%%%","Nibiru, the Primal Being%%%%Rite of Aramesir%%%%Glow-Up Bulb%%%%Fateful Adventure%%%%Red Rose Dragon%%%%"
1313181-76271363.json,Fryderyk Chopin,OmniSasquatch,False,False,"Mermail Abyssteus%%%%Poseidra, the Storming Atlantean%%%%Friller Rabca%%%%Dominus Spiral%%%%Abyssrhine, the Atlantean Spirit%%%%",Dracotail Urgula%%%%Droll & Lock Bird%%%%Dracotail Mululu%%%%Dracotail Lukias%%%%K9-17 Izuna%%%%
1313181-76271811.json,Fryderyk Chopin,euly,False,False,"Poseidra, the Storming Atlantean%%%%Barrier Statue of the Torrent%%%%Ash Blossom & Joyous Spring%%%%Deep Sea Diva%%%%Neptabyss, the Atlantean Prince%%%%",The Fallen & The Virtuous%%%%Fallen of Albaz%%%%The Fallen & The Virtuous%%%%Branded Opening%%%%Branded in High Spirits%%%%
1313181-76281503.json,Fryderyk Chopin,zempr,False,True,Called by the Grave%%%%Superancient Deepsea King Coelacanth%%%%Sales Ban%%%%Mermail Abysspike%%%%Mulcharmy Fuwalos%%%%,"Mulcharmy Fuwalos%%%%Branded Sword%%%%Fusion Duplication%%%%Guiding Quem, the Virtuous%%%%Branded Fusion%%%%"
1313181-76282484.json,Fryderyk Chopin,Delpri2000,False,True,Marshmao☆Yummy%%%%Pre-Preparation of Rites%%%%Marshmao☆Yummy%%%%Mitsurugi Ritual%%%%Pot of Prosperity%%%%,"Mulcharmy Fuwalos%%%%Bystial Druiswurm%%%%K9-66a Jokul%%%%Vanquish Soul, Start!%%%%""A Case for K9""%%%%"
1313181-76284145.json,Fryderyk Chopin,Ascends,False,False,Mermail Abyssteus%%%%Mulcharmy Fuwalos%%%%Deep Sea Minstrel%%%%Friller Rabca%%%%Anti-Magic Arrows%%%%,"White Rose Dragon%%%%Vengeful Witch%%%%Foolish Burial%%%%Water Enchantress of the Temple%%%%Nibiru, the Primal Being%%%%"
1313181-76284451.json,Fryderyk Chopin,unknown12,True,True,"Mermail Abyssteus%%%%Superancient Deepsea King Coelacanth%%%%Mermail Abyssteus%%%%Dominus Impulse%%%%Neptabyss, the Atlantean Prince%%%%",Mementotlan Bone Party%%%%K9-17 Izuna%%%%Mementomictlan%%%%Forbidden Droplet%%%%Mementotlan Dark Blade%%%%
1313181-76292955.json,Fryderyk Chopin,mannyray,False,False,"Mermail Abyssteus%%%%Mermail Shadow Squad%%%%Abyssrhine, the Atlantean Spirit%%%%Mulcharmy Fuwalos%%%%Atlantean Dragoons%%%%",Forbidden Droplet%%%%Gogogo Goblindbergh%%%%Onomatokage%%%%Forbidden Droplet%%%%Seventh Tachyon%%%%
1313181-76293383.json,Fryderyk Chopin,MASTEROFDB,True,,"Abyssrhine, the Atlantean Spirit%%%%Atlantean Dragoons%%%%Mulcharmy Fuwalos%%%%Mermail Abyssteus%%%%Neptabyss, the Atlantean Prince%%%%",Fire King Sanctuary%%%%Fire King Sky Burn%%%%Fire King High Avatar Kirin%%%%Fire King Courtier Ulcanix%%%%Legendary Fire King Ponix%%%%
1313181-76293390.json,Fryderyk Chopin,marcelosppp,False,,"Mermail Shadow Squad%%%%Called by the Grave%%%%Neptabyss, the Atlantean Prince%%%%Dominus Impulse%%%%Abyssrhine, the Atlantean Spirit%%%%",Crossout Designator%%%%Marshmao☆Yummy%%%%Cupsy☆Yummy%%%%Solfachord Solfegia%%%%Yummyusment☆Mignon%%%%
1313181-76293529.json,Fryderyk Chopin,luca_foramacchi,False,False,"Atlantean Dragoons%%%%Superancient Deepsea King Coelacanth%%%%Friller Rabca%%%%Abyssrhine, the Atlantean Spirit%%%%Neptabyss, the Atlantean Prince%%%%",Bonfire%%%%Cooky☆Yummy%%%%Ash Blossom & Joyous Spring%%%%Cupsy☆Yummy%%%%Snake-Eye Ash%%%%
1313181-76293734.json,Fryderyk Chopin,Labrys#031,True,True,"Abyssrhine, the Atlantean Spirit%%%%Barrier Statue of the Torrent%%%%Neptabyss, the Atlantean Prince%%%%Ash Blossom & Joyous Spring%%%%Abyssrhine, the Atlantean Spirit%%%%",Gem-Knight Dispersion%%%%Called by the Grave%%%%Sales Ban%%%%Triple Tactics Thrust%%%%Gem-Knight Dispersion%%%%
1313181-76294117.json,Fryderyk Chopin,Giggino,False,,"Anti-Magic Arrows%%%%Abyssrhine, the Atlantean Spirit%%%%Superancient Deepsea King Coelacanth%%%%Mulcharmy Fuwalos%%%%Neptabyss, the Atlantean Prince%%%%",Brilliant Fusion%%%%Lightning Storm%%%%Gem-Armadillo%%%%Gem-Knight Quartz%%%%Gem-Knight Fusion%%%%
1313181-76294130.json,Fryderyk Chopin,Foreign,False,False,"Abyssrhine, the Atlantean Spirit%%%%Poseidra, the Storming Atlantean%%%%Atlantean Dragoons%%%%Neptabyss, the Atlantean Prince%%%%Anti-Magic Arrows%%%%","Vanquish Soul Caesar Valius%%%%Bystial Magnamhut%%%%K9-66a Jokul%%%%""A Case for K9""%%%%Dogoran, the Mad Flame Kaiju%%%%"
1313181-76294395.json,Fryderyk Chopin,Daz40th,False,,"Mermail Abyssteus%%%%Dominus Impulse%%%%Poseidra, the Storming Atlantean%%%%Friller Rabca%%%%Atlantean Heavy Infantry%%%%","Ash Blossom & Joyous Spring%%%%""A Case for K9""%%%%Ame no Habakiri no Mitsurugi%%%%Mulcharmy Fuwalos%%%%K9-ØØ Lupis%%%%"
1313181-76294487.json,Fryderyk Chopin,Valance060203,True,False,Sales Ban%%%%Called by the Grave%%%%Friller Rabca%%%%Ash Blossom & Joyous Spring%%%%Dominus Impulse%%%%,"Blazing Cartesia, the Virtuous%%%%Triple Tactics Thrust%%%%Bystial Saronir%%%%Branded in High Spirits%%%%Branded in Red%%%%"
1313181-76294640.json,Fryderyk Chopin,omaneko32,True,True,"Neptabyss, the Atlantean Prince%%%%Mermail Shadow Squad%%%%Mulcharmy Fuwalos%%%%Dominus Impulse%%%%Abyssrhine, the Atlantean Spirit%%%%",Evenly Matched%%%%Trap Holic%%%%Infinite Impermanence%%%%Dominus Impulse%%%%Lady Labrynth of the Silver Castle%%%%
1313181-76296274.json,Fryderyk Chopin,Stevie077,True,True,"Dominus Impulse%%%%Abyssrhine, the Atlantean Spirit%%%%Atlantean Dragoons%%%%Neptabyss, the Atlantean Prince%%%%Ash Blossom & Joyous Spring%%%%",Cooky☆Yummy%%%%Cupsy☆Yummy%%%%Called by the Grave%%%%Mulcharmy Fuwalos%%%%Yummyusment☆Mignon%%%%
1313181-76296498.json,Fryderyk Chopin,Evanleduelliste,False,,"Sales Ban%%%%Neptabyss, the Atlantean Prince%%%%Mermail Abyssteus%%%%Poseidra, the Storming Atlantean%%%%Abyssrhine, the Atlantean Spirit%%%%","Super Polymerization%%%%Nibiru, the Primal Being%%%%Dracotail Urgula%%%%Dracotail Pan%%%%Dracotail Urgula%%%%"
1313181-76297081.json,Fryderyk Chopin,xmatriz,False,False,"Neptabyss, the Atlantean Prince%%%%Mulcharmy Fuwalos%%%%Neptabyss, the Atlantean Prince%%%%Mulcharmy Fuwalos%%%%Mermail Abyssteus%%%%","Dracotail Lukias%%%%Nibiru, the Primal Being%%%%Blazing Cartesia, the Virtuous%%%%Ash Blossom & Joyous Spring%%%%Dracotail Flame%%%%"
1313181-76299120.json,Fryderyk Chopin,Adriano Tabasso,True,True,Called by the Grave%%%%Mermail Shadow Squad%%%%Dominus Impulse%%%%Mulcharmy Fuwalos%%%%Mermail Abysspike%%%%,Yummy☆Surprise%%%%Ghost Belle & Haunted Mansion%%%%Pot of Prosperity%%%%Mulcharmy Fuwalos%%%%Ghost Belle & Haunted Mansion%%%%
1313181-76299530.json,Fryderyk Chopin,Sarah Toscano,True,True,"Abyssrhine, the Atlantean Spirit%%%%Mulcharmy Fuwalos%%%%Mermail Shadow Squad%%%%Atlantean Heavy Infantry%%%%Neptabyss, the Atlantean Prince%%%%",Ghost Belle & Haunted Mansion%%%%Skull Meister%%%%Obedience Schooled%%%%Marshmao☆Yummy%%%%Called by the Grave%%%%
1313181-76302777.json,Fryderyk Chopin,kynar2025,True,True,"Dominus Impulse%%%%Neptabyss, the Atlantean Prince%%%%Atlantean Heavy Infantry%%%%Sales Ban%%%%Atlantean Dragoons%%%%",Pre-Preparation of Rites%%%%Mulcharmy Meowls%%%%Mulcharmy Fuwalos%%%%Cupsy☆Yummy%%%%Crossout Designator%%%%
1313181-76304536.json,Fryderyk Chopin,Reid Richards,True,False,"Dominus Impulse%%%%Poseidra, the Storming Atlantean%%%%Superancient Deepsea King Coelacanth%%%%Mulcharmy Fuwalos%%%%Ash Blossom & Joyous Spring%%%%",Dracotail Lukias%%%%Rahu Dracotail%%%%Dracotail Faimena%%%%Dark End Evaporation Dragon%%%%Dracotail Faimena%%%%
1313181-76305964.json,Fryderyk Chopin,hxppyfxxt,True,True,"Poseidra, the Storming Atlantean%%%%Mermail Shadow Squad%%%%Mulcharmy Fuwalos%%%%Mermail Abysspike%%%%Dominus Impulse%%%%",Mulcharmy Fuwalos%%%%Ash Blossom & Joyous Spring%%%%Backup @Ignister%%%%Maliss <C> MTP-07%%%%Maliss <P> March Hare%%%%
1313181-76308977.json,Fryderyk Chopin,Lupus Infabula,True,False,Atlantean Dragoons%%%%Deep Sea Minstrel%%%%Atlantean Dragoons%%%%Mermail Shadow Squad%%%%Atlantean Heavy Infantry%%%%,Maliss <P> March Hare%%%%Allure of Darkness%%%%Dominus Impulse%%%%Dimension Shifter%%%%Mulcharmy Fuwalos%%%%
1313181-76309536.json,Fryderyk Chopin,kabl1504,False,False,Friller Rabca%%%%Called by the Grave%%%%Sales Ban%%%%Deep Sea Minstrel%%%%Ash Blossom & Joyous Spring%%%%,Yummy☆Surprise%%%%Mulcharmy Fuwalos%%%%Cupsy☆Yummy%%%%Sky Striker Mobilize - Engage!%%%%Ash Blossom & Joyous Spring%%%%
1313181-76310235.json,Fryderyk Chopin,Delpri2000,False,True,"Neptabyss, the Atlantean Prince%%%%Atlantean Heavy Infantry%%%%Mermail Shadow Squad%%%%Dominus Impulse%%%%Ash Blossom & Joyous Spring%%%%",Forbidden Droplet%%%%K9-17 Izuna%%%%Super Polymerization%%%%Forbidden Droplet%%%%K9-17 Izuna%%%%
1313181-76310709.json,Fryderyk Chopin,Delpri2000,False,False,"Mermail Abyssteus%%%%Sales Ban%%%%Abyssrhine, the Atlantean Spirit%%%%Sales Ban%%%%Dominus Impulse%%%%","K9-17 Izuna%%%%K9-66a Jokul%%%%Bystial Magnamhut%%%%""A Case for K9""%%%%K9-66a Jokul%%%%"
1313181-76311145.json,Fryderyk Chopin,Delpri2000,False,False,"Ghost Belle & Haunted Mansion%%%%Dracotail Sting%%%%Nibiru, the Primal Being%%%%Ghost Belle & Haunted Mansion%%%%Ash Blossom & Joyous Spring%%%%",Reinforcement of the Army%%%%Ash Blossom & Joyous Spring%%%%Bystial Magnamhut%%%%K9-17 Izuna%%%%K9-66a Jokul%%%%
1313181-76311730.json,Fryderyk Chopin,Delpri2000,True,False,Fallen of Albaz%%%%Dracotail Mululu%%%%Dracotail Lukias%%%%Rahu Dracotail%%%%Dracotail Flame%%%%,"Vanquish Soul Dr. Mad Love%%%%Mulcharmy Fuwalos%%%%""A Case for K9""%%%%Vanquish Soul Hollie Sue%%%%Ash Blossom & Joyous Spring%%%%"
1313181-76329600.json,Fryderyk Chopin,Reid Richards,True,False,"Poseidra, the Storming Atlantean%%%%Mulcharmy Fuwalos%%%%Ash Blossom & Joyous Spring%%%%Poseidra, the Storming Atlantean%%%%Mermail Abysspike%%%%","Dracotail Lukias%%%%Light End Sublimation Dragon%%%%Dracotail Faimena%%%%Mulcharmy Fuwalos%%%%Nibiru, the Primal Being%%%%"
1313181-76330193.json,Fryderyk Chopin,PrivateChungus,False,True,"Mermail Shadow Squad%%%%Sales Ban%%%%Abyssrhine, the Atlantean Spirit%%%%Ash Blossom & Joyous Spring%%%%Deep Sea Minstrel%%%%",Marshmao☆Yummy%%%%Cupsy☆Yummy%%%%Solfachord Happiness%%%%Cooky☆Yummy%%%%DoSolfachord Cutia%%%%
1313181-76330685&match.json,Fryderyk Chopin,Swampyy_,True,False,Sales Ban%%%%Barrier Statue of the Torrent%%%%Mulcharmy Fuwalos%%%%Mulcharmy Fuwalos%%%%Sales Ban%%%%,Forbidden Droplet%%%%Cooky☆Yummy%%%%Ash Blossom & Joyous Spring%%%%Yummyusment☆Mignon%%%%Cupsy☆Yummy%%%%
1313181-76330685.json,Fryderyk Chopin,Swampyy_,True,False,Sales Ban%%%%Barrier Statue of the Torrent%%%%Mulcharmy Fuwalos%%%%Mulcharmy Fuwalos%%%%Sales Ban%%%%,Forbidden Droplet%%%%Cooky☆Yummy%%%%Ash Blossom & Joyous Spring%%%%Yummyusment☆Mignon%%%%Cupsy☆Yummy%%%%
1313181-76330935.json,Fryderyk Chopin,(Demon)DevimoVon,False,,Dracotail Sting%%%%Dracotail Lukias%%%%Dracotail Mululu%%%%Rahu Dracotail%%%%Mulcharmy Fuwalos%%%%,"Dark Spirit of Banishment%%%%Dark Sanctuary%%%%Curse Necrofear%%%%Spirit Message ""I""%%%%Doomdog Octhros%%%%"
1313181-76331013.json,Fryderyk Chopin,theFabledCoolCat,True,True,"Ash Blossom & Joyous Spring%%%%Neptabyss, the Atlantean Prince%%%%Sales Ban%%%%Abyssrhine, the Atlantean Spirit%%%%Barrier Statue of the Torrent%%%%",Pot of Extravagance%%%%Ash Blossom & Joyous Spring%%%%Primite Drillbeam%%%%Infinite Impermanence%%%%Dominus Purge%%%%
1313181-76331362.json,Fryderyk Chopin,TheBoss2928,True,True,Dracotail Pan%%%%Dracotail Sting%%%%Rahu Dracotail%%%%Dracotail Mululu%%%%Dracotail Mululu%%%%,Infinite Impermanence%%%%Mitsurugi Ritual%%%%Futsu no Mitama no Mitsurugi%%%%Yummyusment☆Mignon%%%%Infinite Impermanence%%%%
1313181-76331969.json,Fryderyk Chopin,I.C.T. - COOBRA,False,,"Poseidra, the Storming Atlantean%%%%Superancient Deepsea King Coelacanth%%%%Dominus Impulse%%%%Sales Ban%%%%Abyssrhine, the Atlantean Spirit%%%%",Terraforming%%%%Maliss <P> March Hare%%%%Maliss <P> Chessy Cat%%%%Maliss In Underground%%%%Allure of Darkness%%%%
1313181-76332710.json,Fryderyk Chopin,Gabo2good4u,False,True,Dracotail Horn%%%%Dracotail Pan%%%%Mulcharmy Fuwalos%%%%Dracotail Sting%%%%Dracotail Mululu%%%%,Tenacity of the Monarchs%%%%The Monarchs Revolt%%%%Vanity's Fiend%%%%The Monarchs Stormforth%%%%Tessera the Primal Squire%%%%
1313181-76352164.json,Fryderyk Chopin,ilBorro,False,False,"Gluttonous Reptolphin Greethys%%%%Neptabyss, the Atlantean Prince%%%%Mulcharmy Fuwalos%%%%Dominus Impulse%%%%Mermail Abyssteus%%%%",Maliss <P> White Rabbit%%%%Dominus Impulse%%%%Mulcharmy Purulia%%%%Dominus Impulse%%%%Maliss <P> March Hare%%%%
1313181-76352457.json,Fryderyk Chopin,bonny94,True,True,"Neptabyss, the Atlantean Prince%%%%Mermail Shadow Squad%%%%Poseidra, the Storming Atlantean%%%%Gluttonous Reptolphin Greethys%%%%Friller Rabca%%%%",Super Polymerization%%%%Fusion Deployment%%%%Bystial Saronir%%%%Springans Kitt%%%%Foolish Burial%%%%
1313181-76353258.json,Fryderyk Chopin,Zombiii,False,False,"Neptabyss, the Atlantean Prince%%%%Mermail Abysspike%%%%Atlantean Dragoons%%%%Deep Sea Diva%%%%Atlantean Heavy Infantry%%%%",Dracotail Pan%%%%Mulcharmy Fuwalos%%%%Ketu Dracotail%%%%Rahu Dracotail%%%%Fusion Deployment%%%%
1313181-76353754.json,Fryderyk Chopin,lupo alberto,False,True,"Deep Sea Diva%%%%Sales Ban%%%%Abyssrhine, the Atlantean Spirit%%%%Sales Ban%%%%Mermail Abyssteus%%%%",Lunalight Masquerade%%%%Luna Light Perfume%%%%Triple Tactics Thrust%%%%Book of Eclipse%%%%Lunalight Masquerade%%%%
1313181-76353797.json,Fryderyk Chopin,hydr@91,False,True,"Called by the Grave%%%%Mermail Shadow Squad%%%%Mermail Abysspike%%%%Abyssrhine, the Atlantean Spirit%%%%Mermail Shadow Squad%%%%","Ame no Habakiri no Mitsurugi%%%%Infinite Impermanence%%%%Ash Blossom & Joyous Spring%%%%Mitsurugi no Mikoto, Aramasa%%%%Infinite Impermanence%%%%"
1313181-76354291.json,Fryderyk Chopin,Cristian Vallinoti F.D.T,False,False,"Neptabyss, the Atlantean Prince%%%%Abyssrhine, the Atlantean Spirit%%%%Dominus Impulse%%%%Ash Blossom & Joyous Spring%%%%Atlantean Dragoons%%%%","Tenpai Dragon Paidra%%%%Nebulus, Dragon Ruler of Mishaps%%%%Tenpai Dragon Chundra%%%%Triple Tactics Talent%%%%Droll & Lock Bird%%%%"
1313181-76354670.json,Fryderyk Chopin,HasanKaymak,False,False,"Deep Sea Diva%%%%Barrier Statue of the Torrent%%%%Abyssrhine, the Atlantean Spirit%%%%Poseidra, the Storming Atlantean%%%%Anti-Magic Arrows%%%%",Ash Blossom & Joyous Spring%%%%Primite Lordly Lode%%%%Pot of Prosperity%%%%Effect Veiler%%%%Sage with Eyes of Blue%%%%
1313181-76354739.json,Fryderyk Chopin,CalebW_304,False,True,"Ash Blossom & Joyous Spring%%%%Neptabyss, the Atlantean Prince%%%%Sales Ban%%%%Deep Sea Minstrel%%%%Anti-Magic Arrows%%%%",Droll & Lock Bird%%%%Maliss <P> White Rabbit%%%%Mulcharmy Fuwalos%%%%Maliss <P> Dormouse%%%%Ash Blossom & Joyous Spring%%%%
1313181-76355311.json,Fryderyk Chopin,mozzy,False,True,Dracotail Pan%%%%Ketu Dracotail%%%%Mulcharmy Fuwalos%%%%Dracotail Faimena%%%%Ghost Belle & Haunted Mansion%%%%,"Lollipo☆Yummy%%%%Cupsy☆Yummy%%%%Marshmao☆Yummy%%%%Forbidden Droplet%%%%Mitsurugi no Mikoto, Aramasa%%%%"
1313181-76356373.json,Fryderyk Chopin,Tenco7,False,True,Ketu Dracotail%%%%Rahu Dracotail%%%%Ghost Belle & Haunted Mansion%%%%Effect Veiler%%%%Bystial Magnamhut%%%%,Droll & Lock Bird%%%%R.B. Ga10 Cutter%%%%Speedroid Terrortop%%%%Ash Blossom & Joyous Spring%%%%Speedroid Terrortop%%%%
1313181-76363217.json,Fryderyk Chopin,Jellow44,False,False,Mermail Shadow Squad%%%%Ash Blossom & Joyous Spring%%%%Mulcharmy Fuwalos%%%%Mermail Abyssteus%%%%Anti-Magic Arrows%%%%,Pre-Preparation of Rites%%%%Ash Blossom & Joyous Spring%%%%Mitsurugi Ritual%%%%Cooky☆Yummy%%%%Mitsurugi Prayers%%%%
1313181-76363761.json,Fryderyk Chopin,jamestootle,False,True,"Abyssrhine, the Atlantean Spirit%%%%Sales Ban%%%%Deep Sea Diva%%%%Barrier Statue of the Torrent%%%%Dominus Impulse%%%%",Infinite Impermanence%%%%Cooky☆Yummy%%%%Lollipo☆Yummy%%%%Cooky☆Yummy%%%%Dominus Purge%%%%
1313181-76368747.json,Fryderyk Chopin,RawJH545,False,True,"Mermail Abyssteus%%%%Ash Blossom & Joyous Spring%%%%Mulcharmy Fuwalos%%%%Dominus Impulse%%%%Poseidra, the Storming Atlantean%%%%","Pre-Preparation of Rites%%%%Ash Blossom & Joyous Spring%%%%Ame no Murakumo no Mitsurugi%%%%Yummyusment☆Mignon%%%%Mitsurugi no Mikoto, Saji%%%%"
1313181-76368991.json,Fryderyk Chopin,learloco,True,True,Barrier Statue of the Torrent%%%%Mermail Shadow Squad%%%%Mermail Abyssteus%%%%Deep Sea Minstrel%%%%Anti-Magic Arrows%%%%,Pot of Extravagance%%%%Super Polymerization%%%%Mitsurugi Prayers%%%%Triple Tactics Talent%%%%Mitsurugi Ritual%%%%
1313181-76369513.json,Fryderyk Chopin,Longo Bodo,True,True,Ghost Belle & Haunted Mansion%%%%Ketu Dracotail%%%%Rahu Dracotail%%%%Dracotail Faimena%%%%Ghost Belle & Haunted Mansion%%%%,Ghost Belle & Haunted Mansion%%%%Apophis the Serpent%%%%Primite Roar%%%%Primite Drillbeam%%%%Ash Blossom & Joyous Spring%%%%
1313181-76370248.json,Fryderyk Chopin,droppinthetnt,False,True,"Deep Sea Diva%%%%Poseidra, the Storming Atlantean%%%%Mulcharmy Fuwalos%%%%Friller Rabca%%%%Anti-Magic Arrows%%%%",Dominus Impulse%%%%One for One%%%%D/D/D Zero Doom Queen Machinex%%%%Dark Ruler No More%%%%Ash Blossom & Joyous Spring%%%%
1313181-76379704.json,Fryderyk Chopin,Matrol,False,False,"Ash Blossom & Joyous Spring%%%%Sales Ban%%%%Atlantean Heavy Infantry%%%%Anti-Magic Arrows%%%%Neptabyss, the Atlantean Prince%%%%",Cupsy☆Yummy%%%%Droll & Lock Bird%%%%Ash Blossom & Joyous Spring%%%%Ghost Belle & Haunted Mansion%%%%Mitsurugi Prayers%%%%
1313181-76380006.json,Fryderyk Chopin,enter nam,False,False,"Poseidra, the Storming Atlantean%%%%Atlantean Dragoons%%%%Poseidra, the Storming Atlantean%%%%Barrier Statue of the Torrent%%%%Deep Sea Diva%%%%",Mulcharmy Fuwalos%%%%Droll & Lock Bird%%%%Forbidden Droplet%%%%Crystron Sulfador%%%%K9-04 Noroi%%%%
1313181-76380316.json,Fryderyk Chopin,azym_o,False,False,"Mulcharmy Fuwalos%%%%Atlantean Dragoons%%%%Abyssrhine, the Atlantean Spirit%%%%Mermail Shadow Squad%%%%Dominus Impulse%%%%",Branded Fusion%%%%Mulcharmy Meowls%%%%Ghost Belle & Haunted Mansion%%%%Rahu Dracotail%%%%Dracotail Urgula%%%%
1313181-76380437.json,Fryderyk Chopin,SnapeFang,True,,Dominus Impulse%%%%Ash Blossom & Joyous Spring%%%%Mermail Shadow Squad%%%%Mermail Abysspike%%%%Sales Ban%%%%,Kairo Ryu-Ge Emva%%%%Jurrac Megalo%%%%Jurrac Stego%%%%Droll & Lock Bird%%%%Genro Ryu-Ge Hakva%%%%
1313181-76380483.json,Fryderyk Chopin,Hayato19,False,True,"Anti-Magic Arrows%%%%Barrier Statue of the Torrent%%%%Abyssrhine, the Atlantean Spirit%%%%Dominus Impulse%%%%Mermail Abysspike%%%%",Pot of Prosperity%%%%Apophis the Swamp Deity%%%%Infinite Impermanence%%%%Primite Lordly Lode%%%%Treasures of the Kings%%%%
1313181-76380771.json,Fryderyk Chopin,neptabysss,False,True,"Anti-Magic Arrows%%%%Atlantean Dragoons%%%%Anti-Magic Arrows%%%%Mulcharmy Fuwalos%%%%Abyssrhine, the Atlantean Spirit%%%%","Mermail Shadow Squad%%%%Neptabyss, the Atlantean Prince%%%%Dominus Impulse%%%%Mulcharmy Fuwalos%%%%Atlantean Dragoons%%%%"
1313181-76381692.json,Fryderyk Chopin,LukasAdolph,True,True,"Abyssrhine, the Atlantean Spirit%%%%Mulcharmy Fuwalos%%%%Poseidra, the Storming Atlantean%%%%Mermail Shadow Squad%%%%Atlantean Dragoons%%%%",Sky Striker Mobilize - Linkage!%%%%Runick Fountain%%%%Sky Striker Mobilize - Linkage!%%%%Runick Flashing Fire%%%%Sky Striker Mobilize - Engage!%%%%
1313181-76382024.json,Fryderyk Chopin,IHateFunSowwy,False,False,Atlantean Dragoons%%%%Mulcharmy Fuwalos%%%%Sales Ban%%%%Gluttonous Reptolphin Greethys%%%%Deep Sea Minstrel%%%%,Droll & Lock Bird%%%%Lunalight Kaleido Chick%%%%Polymerization%%%%Lunalight Silver Hound%%%%Triple Tactics Thrust%%%%
1313181-76382333.json,Fryderyk Chopin,niki,False,False,"Neptabyss, the Atlantean Prince%%%%Mermail Abysspike%%%%Barrier Statue of the Torrent%%%%Abyssrhine, the Atlantean Spirit%%%%Ash Blossom & Joyous Spring%%%%",Branded Opening%%%%Albion the Shrouded Dragon%%%%Branded in Red%%%%Fallen of Albaz%%%%Called by the Grave%%%%
1313181-77011623.json,Fryderyk Chopin,xHampelmann,False,False,Mermail Abyssteus%%%%Atlantean Heavy Infantry%%%%Mermail Abysspike%%%%Ash Blossom & Joyous Spring%%%%Mermail Abyssteus%%%%,"Mitsurugi no Mikoto, Saji%%%%K9-17 Izuna%%%%Droll & Lock Bird%%%%Pre-Preparation of Rites%%%%K9-ØØ Lupis%%%%"
1313181-77012148.json,Fryderyk Chopin,ban cyberse,True,True,Dominus Impulse%%%%Infinite Impermanence%%%%Mermail Abysspike%%%%Moulinglacia the Elemental Lord%%%%Mermail Abysspike%%%%,"K9-ØØ Lupis%%%%Nibiru, the Primal Being%%%%K9-66a Jokul%%%%K9-17 Izuna%%%%Called by the Grave%%%%"
1313181-77012369.json,Fryderyk Chopin,raffaele_sirica_official,False,False,"Deep Sea Diva%%%%Atlantean Heavy Infantry%%%%Neptabyss, the Atlantean Prince%%%%Poseidra, the Storming Atlantean%%%%Gluttonous Reptolphin Greethys%%%%",Lunalight Silver Hound%%%%Lunalight Emerald Bird%%%%Lunalight Gold Leo%%%%Lunalight Masquerade%%%%Lunalight Yellow Marten%%%%
1313181-77012456.json,Fryderyk Chopin,bello comodo,True,False,"Atlantean Heavy Infantry%%%%Poseidra, the Storming Atlantean%%%%Gluttonous Reptolphin Greethys%%%%Deep Sea Minstrel%%%%Abyssrhine, the Atlantean Spirit%%%%",Ketu Dracotail%%%%Dracotail Flame%%%%Dracotail Faimena%%%%Dracotail Urgula%%%%Rahu Dracotail%%%%
1313181-77012895.json,Fryderyk Chopin,VelleGG,True,True,"Droll & Lock Bird%%%%Mermail Shadow Squad%%%%Mermail Abyssteus%%%%Abyssrhine, the Atlantean Spirit%%%%Dominus Impulse%%%%","Mitsurugi Mirror%%%%Orcust Knightmare%%%%Allure of Darkness%%%%World Legacy - ""World Wand""%%%%Mitsurugi Great Purification%%%%"
1313181-77013389.json,Fryderyk Chopin,HasanKaymak,True,True,Droll & Lock Bird%%%%Barrier Statue of the Torrent%%%%Mermail Shadow Squad%%%%Moulinglacia the Elemental Lord%%%%Deep Sea Minstrel%%%%,Mulcharmy Fuwalos%%%%Queen Azamina%%%%Azamina Debtors%%%%Diabellstar Vengeance%%%%Ash Blossom & Joyous Spring%%%%
1313181-77013600.json,Fryderyk Chopin,(SKD)_LuisC.,False,True,"Neptabyss, the Atlantean Prince%%%%Droll & Lock Bird%%%%Atlantean Dragoons%%%%Droll & Lock Bird%%%%Atlantean Heavy Infantry%%%%",Bystial Baldrake%%%%Ash Blossom & Joyous Spring%%%%Maliss <P> March Hare%%%%Maliss <P> Dormouse%%%%Maliss <P> March Hare%%%%
1313181-77015330.json,Fryderyk Chopin,TeamSchismYGO,False,False,"Gluttonous Reptolphin Greethys%%%%Abyssrhine, the Atlantean Spirit%%%%Mulcharmy Fuwalos%%%%Called by the Grave%%%%Atlantean Heavy Infantry%%%%",Onomatopaira%%%%Crossout Designator%%%%Ext Ryzeal%%%%Seventh Tachyon%%%%Sword Ryzeal%%%%
1313181-77018394.json,Fryderyk Chopin,hellotherebro,False,False,"Superancient Deepsea King Coelacanth%%%%Dominus Impulse%%%%Neptabyss, the Atlantean Prince%%%%Dominus Impulse%%%%Infinite Impermanence%%%%",Sky Striker Mecha - Widow Anchor%%%%Droll & Lock Bird%%%%R.B. Funk Dock%%%%R.B. Lambda Cannon%%%%Forbidden Droplet%%%%
1313181-77020347.json,Fryderyk Chopin,NotGonnaSayGLHF,False,False,"Neptabyss, the Atlantean Prince%%%%Droll & Lock Bird%%%%Called by the Grave%%%%Infinite Impermanence%%%%Atlantean Heavy Infantry%%%%",Dracotail Faimena%%%%Ghost Belle & Haunted Mansion%%%%Dracotail Lukias%%%%Dracotail Urgula%%%%Dracotail Mululu%%%%
1313181-77021412.json,Fryderyk Chopin,Gitrop,False,True,Forbidden Droplet%%%%The Phantom Knights of Silent Boots%%%%Pre-Preparation of Rites%%%%Speedroid Terrortop%%%%Mitsurugi Mirror%%%%,"Nibiru, the Primal Being%%%%Branded in Red%%%%Called by the Grave%%%%Blazing Cartesia, the Virtuous%%%%Guiding Quem, the Virtuous%%%%"
1313181-77035838.json,Fryderyk Chopin,CK43!,False,True,Atlantean Dragoons%%%%Ash Blossom & Joyous Spring%%%%Infinite Impermanence%%%%Droll & Lock Bird%%%%Friller Rabca%%%%,"Super Polymerization%%%%Orcust Harp Horror%%%%Dominus Impulse%%%%World Legacy - ""World Wand""%%%%The Black Goat Laughs%%%%"
1313181-77035933.json,Fryderyk Chopin,alexxmills,False,True,Friller Rabca%%%%Atlantean Dragoons%%%%Mermail Abysspike%%%%Superancient Deepsea King Coelacanth%%%%Atlantean Heavy Infantry%%%%,Droll & Lock Bird%%%%Ash Blossom & Joyous Spring%%%%Yummy☆Surprise%%%%Dark Ruler No More%%%%Mulcharmy Fuwalos%%%%
1313181-77036108.json,Fryderyk Chopin,GodricZero,True,False,Forbidden Droplet%%%%The Phantom Knights of Ragged Gloves%%%%The Phantom Knights of Ancient Cloak%%%%Speedroid Terrortop%%%%The Phantom Knights of Ancient Cloak%%%%,Mulcharmy Fuwalos%%%%Ash Blossom & Joyous Spring%%%%Backup @Ignister%%%%Ash Blossom & Joyous Spring%%%%Bystial Druiswurm%%%%
1313181-77063408.json,Fryderyk Chopin,Notixed,True,True,Deep Sea Minstrel%%%%Infinite Impermanence%%%%Superancient Deepsea King Coelacanth%%%%Droll & Lock Bird%%%%Atlantean Dragoons%%%%,Mementotlan Angwitch%%%%Mementotlan-Horned Dragon%%%%Triple Tactics Talent%%%%Mementotlan Shleepy%%%%Evenly Matched%%%%
1313181-77063769.json,Fryderyk Chopin,Seyso,True,False,"Mermail Shadow Squad%%%%Friller Rabca%%%%Gluttonous Reptolphin Greethys%%%%Poseidra, the Storming Atlantean%%%%Mermail Abysspike%%%%","Dracotail Faimena%%%%Ketu Dracotail%%%%Droll & Lock Bird%%%%Nibiru, the Primal Being%%%%Mulcharmy Fuwalos%%%%"
1313181-77064282&match.json,Fryderyk Chopin,lupo93,False,False,"Neptabyss, the Atlantean Prince%%%%Mermail Shadow Squad%%%%Atlantean Heavy Infantry%%%%Mermail Abysspike%%%%Droll & Lock Bird%%%%","Mermail Abyssgunde%%%%Neptabyss, the Atlantean Prince%%%%Deep Sea Minstrel%%%%Mulcharmy Fuwalos%%%%Dominus Impulse%%%%"
1313181-77064282.json,Fryderyk Chopin,lupo93,False,False,"Neptabyss, the Atlantean Prince%%%%Mermail Shadow Squad%%%%Atlantean Heavy Infantry%%%%Mermail Abysspike%%%%Droll & Lock Bird%%%%","Mermail Abyssgunde%%%%Neptabyss, the Atlantean Prince%%%%Deep Sea Minstrel%%%%Mulcharmy Fuwalos%%%%Dominus Impulse%%%%"
1313181-77064740.json,Fryderyk Chopin,Mua' dib,False,False,"Abyssrhine, the Atlantean Spirit%%%%Mermail Shadow Squad%%%%Abyssrhine, the Atlantean Spirit%%%%Mulcharmy Fuwalos%%%%Mermail Shadow Squad%%%%",Cooky☆Yummy%%%%Mulcharmy Fuwalos%%%%Dominus Purge%%%%Lollipo☆Yummy%%%%Ash Blossom & Joyous Spring%%%%
1313181-77066558.json,Fryderyk Chopin,Sarukul,True,True,"Mermail Abyssteus%%%%Mermail Shadow Squad%%%%Neptabyss, the Atlantean Prince%%%%Poseidra, the Storming Atlantean%%%%Superancient Deepsea King Coelacanth%%%%",Dracotail Lukias%%%%Rahu Dracotail%%%%Dracotail Pan%%%%Dracotail Urgula%%%%Ghost Belle & Haunted Mansion%%%%
1313181-77066946.json,Fryderyk Chopin,Dave Vecht,True,True,"Droll & Lock Bird%%%%Neptabyss, the Atlantean Prince%%%%Poseidra, the Storming Atlantean%%%%Infinite Impermanence%%%%Barrier Statue of the Torrent%%%%","Nibiru, the Primal Being%%%%Maliss <P> Dormouse%%%%Wizard @Ignister%%%%Gold Sarcophagus%%%%Infinite Impermanence%%%%"
1313181-77067134.json,Fryderyk Chopin,CFC192,False,False,"Mermail Abyssteus%%%%Infinite Impermanence%%%%Abyssrhine, the Atlantean Spirit%%%%Dominus Impulse%%%%Friller Rabca%%%%","Nibiru, the Primal Being%%%%Mulcharmy Fuwalos%%%%Ash Blossom & Joyous Spring%%%%Ame no Habakiri no Mitsurugi%%%%Seventh Tachyon%%%%"
1313181-77067194.json,Fryderyk Chopin,YackMoon,False,False,"Abyssrhine, the Atlantean Spirit%%%%Ash Blossom & Joyous Spring%%%%Mulcharmy Fuwalos%%%%Droll & Lock Bird%%%%Infinite Impermanence%%%%",The Fallen & The Virtuous%%%%Chicken Game%%%%Sky Striker Mobilize - Engage!%%%%The Fallen & The Virtuous%%%%Sky Striker Ace - Raye%%%%
1313181-77067333.json,Fryderyk Chopin,Discipulo do Cavalo,True,True,"Moulinglacia the Elemental Lord%%%%Mermail Abysspike%%%%Atlantean Dragoons%%%%Mulcharmy Fuwalos%%%%Poseidra, the Storming Atlantean%%%%","Pot of Prosperity%%%%Mecha Phantom Beast Tetherwolf%%%%Droll & Lock Bird%%%%Ash Blossom & Joyous Spring%%%%Nibiru, the Primal Being%%%%"
1313181-77067586.json,Fryderyk Chopin,dingoe12,False,False,"Ash Blossom & Joyous Spring%%%%Dominus Impulse%%%%Neptabyss, the Atlantean Prince%%%%Mulcharmy Fuwalos%%%%Atlantean Heavy Infantry%%%%","Mulcharmy Fuwalos%%%%Vanquish Soul Caesar Valius%%%%""A Case for K9""%%%%K9-ØØ Lupis%%%%K9-66a Jokul%%%%"
1313181-77067702.json,Fryderyk Chopin,404SnackNotFound,True,True,Mermail Shadow Squad%%%%Droll & Lock Bird%%%%Mulcharmy Fuwalos%%%%Mermail Shadow Squad%%%%Barrier Statue of the Torrent%%%%,Ame no Habakiri no Mitsurugi%%%%Called by the Grave%%%%K9-17 Izuna%%%%Ash Blossom & Joyous Spring%%%%Mulcharmy Fuwalos%%%%
1313181-77068097.json,Fryderyk Chopin,Jzmontano,False,True,"Mermail Shadow Squad%%%%Abyssrhine, the Atlantean Spirit%%%%Atlantean Dragoons%%%%Dominus Impulse%%%%Infinite Impermanence%%%%",Terraforming%%%%K9-17 Izuna%%%%Wizard @Ignister%%%%Dominus Impulse%%%%Backup @Ignister%%%%
1313181-77068884.json,Fryderyk Chopin,Bonso,False,True,Mermail Shadow Squad%%%%Superancient Deepsea King Coelacanth%%%%Atlantean Dragoons%%%%Mermail Abysspike%%%%Mermail Abyssteus%%%%,"Ash Blossom & Joyous Spring%%%%Crystron Sulfador%%%%""A Case for K9""%%%%Mulcharmy Fuwalos%%%%Crystron Sulfefnir%%%%"
1313181-77069237.json,Fryderyk Chopin,NomeUtenteToni,False,True,Infinite Impermanence%%%%Mermail Abysspike%%%%Dominus Impulse%%%%Barrier Statue of the Torrent%%%%Atlantean Dragoons%%%%,"Vanquish Soul Jiaolong%%%%Bystial Druiswurm%%%%Vanquish Soul, Start!%%%%Bystial Magnamhut%%%%Ash Blossom & Joyous Spring%%%%"
1313181-77069595.json,Fryderyk Chopin,FEELING LIKE IM CHOSEN,False,False,"Mermail Abyssteus%%%%Mermail Abysspike%%%%Dominus Impulse%%%%Mermail Abyssteus%%%%Poseidra, the Storming Atlantean%%%%","Ash Blossom & Joyous Spring%%%%Mitsurugi no Mikoto, Saji%%%%Pre-Preparation of Rites%%%%Mitsurugi no Mikoto, Kusanagi%%%%Marshmao☆Yummy%%%%"
1313181-77069660.json,Fryderyk Chopin,13seasons,True,False,"Mulcharmy Fuwalos%%%%Gluttonous Reptolphin Greethys%%%%Abyssrhine, the Atlantean Spirit%%%%Neptabyss, the Atlantean Prince%%%%Mermail Shadow Squad%%%%","K9-04 Noroi%%%%Vanquish Soul Dr. Mad Love%%%%""A Case for K9""%%%%Vanquish Soul Hollie Sue%%%%""A Case for K9""%%%%"
1313181-77070277.json,Fryderyk Chopin,Meppie,False,False,Friller Rabca%%%%Atlantean Heavy Infantry%%%%Mermail Shadow Squad%%%%Atlantean Dragoons%%%%Gluttonous Reptolphin Greethys%%%%,Lollipo☆Yummy%%%%Droll & Lock Bird%%%%Called by the Grave%%%%Ash Blossom & Joyous Spring%%%%Mitsurugi Prayers%%%%
1313181-77070585.json,Fryderyk Chopin,Ohoboho,False,,"Atlantean Dragoons%%%%Ash Blossom & Joyous Spring%%%%Neptabyss, the Atlantean Prince%%%%Atlantean Dragoons%%%%Ash Blossom & Joyous Spring%%%%",Ash Blossom & Joyous Spring%%%%Tenpai Dragon Genroku%%%%Infinite Impermanence%%%%Dora Dora%%%%Kashtira Riseheart%%%%
1313181-77071130.json,Fryderyk Chopin,exo_,True,True,Deep Sea Diva%%%%Droll & Lock Bird%%%%Mulcharmy Fuwalos%%%%Deep Sea Minstrel%%%%Gluttonous Reptolphin Greethys%%%%,Dominus Purge%%%%Mulcharmy Fuwalos%%%%Piri Reis Map%%%%K9-ØØ Lupis%%%%Yummy☆Surprise%%%%
1313181-77073132.json,Fryderyk Chopin,mich-NFT,False,False,"Droll & Lock Bird%%%%Mermail Abysspike%%%%Atlantean Heavy Infantry%%%%Ash Blossom & Joyous Spring%%%%Abyssrhine, the Atlantean Spirit%%%%",Piri Reis Map%%%%Cooky☆Yummy%%%%Marshmao☆Yummy%%%%Cooky☆Yummy%%%%Dominus Purge%%%%
1313181-77073486.json,Fryderyk Chopin,Wailunited,False,True,"Poseidra, the Storming Atlantean%%%%Atlantean Dragoons%%%%Moulinglacia the Elemental Lord%%%%Dominus Impulse%%%%Deep Sea Minstrel%%%%",K9-ØØ Lupis%%%%Mulcharmy Fuwalos%%%%Rahu Dracotail%%%%Mulcharmy Fuwalos%%%%Dracotail Mululu%%%%
1313181-77073930.json,Fryderyk Chopin,Mister972,False,False,"Mermail Shadow Squad%%%%Infinite Impermanence%%%%Barrier Statue of the Torrent%%%%Atlantean Heavy Infantry%%%%Abyssrhine, the Atlantean Spirit%%%%",Mulcharmy Fuwalos%%%%D/D Savant Kepler%%%%D/D Savant Copernicus%%%%D/D/D Zero Doom Queen Machinex%%%%Ghost Belle & Haunted Mansion%%%%
1313181-77074315.json,Fryderyk Chopin,barion,False,True,"Neptabyss, the Atlantean Prince%%%%Deep Sea Diva%%%%Friller Rabca%%%%Infinite Impermanence%%%%Mermail Shadow Squad%%%%",Fiendsmith Engraver%%%%Cupsy☆Yummy%%%%Ash Blossom & Joyous Spring%%%%Sky Striker Mecha - Hornet Drones%%%%Mulcharmy Fuwalos%%%%
1313181-77074548.json,Fryderyk Chopin,fefa,False,False,"Mermail Shadow Squad%%%%Poseidra, the Storming Atlantean%%%%Mermail Abyssteus%%%%Mermail Shadow Squad%%%%Mermail Abyssteus%%%%",Mulcharmy Fuwalos%%%%Mermail Abysspike%%%%Called by the Grave%%%%Mermail Abyssteus%%%%Ash Blossom & Joyous Spring%%%%
1313181-77075151.json,Fryderyk Chopin,jawnwick412,False,False,"Called by the Grave%%%%Poseidra, the Storming Atlantean%%%%Friller Rabca%%%%Poseidra, the Storming Atlantean%%%%Mermail Abysspike%%%%","K9-ØØ Lupis%%%%Ame no Habakiri no Mitsurugi%%%%Mitsurugi no Mikoto, Kusanagi%%%%Pre-Preparation of Rites%%%%Seventh Tachyon%%%%"
1313181-77075401.json,Fryderyk Chopin,elmostreet,True,False,"Abyssrhine, the Atlantean Spirit%%%%Deep Sea Minstrel%%%%Mermail Abysspike%%%%Dominus Impulse%%%%Atlantean Dragoons%%%%",Pot of Prosperity%%%%Mulcharmy Fuwalos%%%%Triple Tactics Thrust%%%%Quantum Cat%%%%Apophis the Serpent%%%%
1313181-77075859.json,Fryderyk Chopin,CIRO,True,False,"Dominus Impulse%%%%Neptabyss, the Atlantean Prince%%%%Abyssrhine, the Atlantean Spirit%%%%Droll & Lock Bird%%%%Poseidra, the Storming Atlantean%%%%",Called by the Grave%%%%Super Polymerization%%%%Shield of the Millennium Dynasty%%%%Droll & Lock Bird%%%%Golem that Guards the Millennium Treasures%%%%
1313181-77076141.json,Fryderyk Chopin,_Meruem_,False,True,The Phantom Knights of Ancient Cloak%%%%Ame no Murakumo no Mitsurugi%%%%Speedroid Terrortop%%%%Mitsurugi Prayers%%%%The Phantom Knights of Ancient Cloak%%%%,Crystron Cluster%%%%Mulcharmy Fuwalos%%%%Crystron Inclusion%%%%Droll & Lock Bird%%%%Ash Blossom & Joyous Spring%%%%
1313181-77139925.json,Fryderyk Chopin,NotGonnaSayGLHF,True,False,"Branded Fusion%%%%Triple Tactics Thrust%%%%Dracotail Pan%%%%Dracotail Urgula%%%%Nibiru, the Primal Being%%%%","Dracotail Urgula%%%%Dracotail Phryxul%%%%Dracotail Faimena%%%%Nibiru, the Primal Being%%%%Rahu Dracotail%%%%"
1313181-77160071.json,Fryderyk Chopin,Zen Oh,True,True,Ketu Dracotail%%%%Dracotail Urgula%%%%Dracotail Phryxul%%%%Ash Blossom & Joyous Spring%%%%Fallen of Albaz%%%%,Called by the Grave%%%%Mitsurugi Great Purification%%%%Infinite Impermanence%%%%Ame no Murakumo no Mitsurugi%%%%Ash Blossom & Joyous Spring%%%%
1313181-77161303.json,Fryderyk Chopin,Hamood1800,True,False,Dracotail Mululu%%%%Dracotail Lukias%%%%Dracotail Faimena%%%%Rahu Dracotail%%%%Mulcharmy Fuwalos%%%%,Vanquish Soul Dr. Mad Love%%%%Vanquish Soul Razen%%%%Mulcharmy Fuwalos%%%%Vanquish Soul Hollie Sue%%%%Vanquish Soul Heavy Borger%%%%
1313181-77161654.json,Fryderyk Chopin,Pirexx,False,True,Dracotail Sting%%%%Dracotail Lukias%%%%Rahu Dracotail%%%%Dracotail Faimena%%%%Ash Blossom & Joyous Spring%%%%,Fire King Sanctuary%%%%Ash Blossom & Joyous Spring%%%%Fire King High Avatar Garunix%%%%Dominus Impulse%%%%Fire King Island%%%%
1313181-77163234.json,Fryderyk Chopin,keizan,True,True,"Mulcharmy Fuwalos%%%%Mermail Abyssteus%%%%Neptabyss, the Atlantean Prince%%%%Mermail Abyssteus%%%%Dominus Impulse%%%%","Ash Blossom & Joyous Spring%%%%Dracotail Horn%%%%Nibiru, the Primal Being%%%%Rahu Dracotail%%%%Dracotail Urgula%%%%"
1313181-77163669.json,Fryderyk Chopin,KnightmareHydra,False,True,Mermail Abyssteus%%%%Deep Sea Minstrel%%%%Dominus Spiral%%%%Mulcharmy Fuwalos%%%%Dominus Impulse%%%%,Wings of Light%%%%WANTED: Seeker of Sinful Spoils%%%%Mulcharmy Fuwalos%%%%WANTED: Seeker of Sinful Spoils%%%%Supreme King Gate Zero%%%%
1313181-77168471.json,Fryderyk Chopin,iLoveBeer,False,False,Dominus Impulse%%%%Called by the Grave%%%%Infinite Impermanence%%%%Friller Rabca%%%%Mulcharmy Fuwalos%%%%,Lollipo☆Yummy%%%%Marshmao☆Yummy%%%%Yummyusment☆Mignon%%%%Infinite Impermanence%%%%Triple Tactics Talent%%%%
1313181-77169161.json,Fryderyk Chopin,Davlik,False,False,Infinite Impermanence%%%%Deep Sea Diva%%%%Atlantean Dragoons%%%%Infinite Impermanence%%%%Dominus Spiral%%%%,"Nibiru, the Primal Being%%%%Mitsurugi Prayers%%%%Nibiru, the Primal Being%%%%Seventh Tachyon%%%%Sword Ryzeal%%%%"
1313181-77169594.json,Fryderyk Chopin,ChampionDuelist,False,False,Deep Sea Minstrel%%%%Mermail Shadow Squad%%%%Atlantean Dragoons%%%%Dominus Impulse%%%%Atlantean Dragoons%%%%,Vanquish Soul Dr. Mad Love%%%%Reinforcement of the Army%%%%K9-04 Noroi%%%%K9-X Forced Release%%%%K9-04 Noroi%%%%
1313181-77170257.json,Fryderyk Chopin,TrueKIna,False,True,"Branded Fusion%%%%Nibiru, the Primal Being%%%%The Fallen & The Virtuous%%%%Mulcharmy Fuwalos%%%%Dracotail Faimena%%%%",Mulcharmy Fuwalos%%%%Droll & Lock Bird%%%%Seventh Tachyon%%%%Ash Blossom & Joyous Spring%%%%Infinite Impermanence%%%%
1313181-77171607.json,Fryderyk Chopin,R@n_X,False,False,"Barrier Statue of the Torrent%%%%Atlantean Heavy Infantry%%%%Abyssrhine, the Atlantean Spirit%%%%Friller Rabca%%%%Ash Blossom & Joyous Spring%%%%","Dominus Impulse%%%%Nibiru, the Primal Being%%%%Terraforming%%%%Bystial Magnamhut%%%%Backup @Ignister%%%%"
1313181-77184632.json,Fryderyk Chopin,ProlomLockedIn,True,False,The Phantom Knights of Torn Scales%%%%Mitsurugi Great Purification%%%%Phantom Knights' Fog Blade%%%%Ame no Habakiri no Mitsurugi%%%%The Phantom Knights of Silent Boots%%%%,Mulcharmy Fuwalos%%%%Gold Sarcophagus%%%%Mulcharmy Fuwalos%%%%Backup @Ignister%%%%Maliss <P> Chessy Cat%%%%
1313181-77184809&match.json,Fryderyk Chopin,bulletproofdueler,False,False,"Neptabyss, the Atlantean Prince%%%%Deep Sea Minstrel%%%%Deep Sea Diva%%%%Friller Rabca%%%%Mulcharmy Fuwalos%%%%",Quaking Mirror Force%%%%Pot of Extravagance%%%%Offerings to the Doomed%%%%Reckless Greed%%%%Solemn Strike%%%%
1313181-77184809.json,Fryderyk Chopin,bulletproofdueler,False,False,"Neptabyss, the Atlantean Prince%%%%Deep Sea Minstrel%%%%Deep Sea Diva%%%%Friller Rabca%%%%Mulcharmy Fuwalos%%%%",Quaking Mirror Force%%%%Pot of Extravagance%%%%Offerings to the Doomed%%%%Reckless Greed%%%%Solemn Strike%%%%
1313181-77184959.json,Fryderyk Chopin,D. Shifter,True,False,Deep Sea Minstrel%%%%Atlantean Heavy Infantry%%%%Dominus Spiral%%%%Mermail Shadow Squad%%%%Atlantean Dragoons%%%%,R.B. Lambda Cannon%%%%R.B. Stage Landing%%%%Droll & Lock Bird%%%%R.B. Funk Dock%%%%Sky Striker Mobilize - Engage!%%%%
1313181-77186342.json,Fryderyk Chopin,Username10,True,True,Ketu Dracotail%%%%Dracotail Sting%%%%The Fallen & The Virtuous%%%%Dracotail Mululu%%%%Rahu Dracotail%%%%,Dracotail Pan%%%%Dracotail Lukias%%%%Dracotail Phryxul%%%%Mulcharmy Fuwalos%%%%Droll & Lock Bird%%%%
1313181-77186639.json,Fryderyk Chopin,Endeavor98,False,True,"Mulcharmy Fuwalos%%%%Barrier Statue of the Torrent%%%%Neptabyss, the Atlantean Prince%%%%Mermail Abyssteus%%%%Mermail Shadow Squad%%%%",Ash Blossom & Joyous Spring%%%%K9-17 Izuna%%%%Vanquish Soul Heavy Borger%%%%Dracotail Lukias%%%%K9-66a Jokul%%%%
1313181-77186818.json,Fryderyk Chopin,GreenPony,False,False,"Nibiru, the Primal Being%%%%Dracotail Mululu%%%%Bystial Druiswurm%%%%Dracotail Urgula%%%%Dracotail Faimena%%%%",Maliss In Underground%%%%Mulcharmy Fuwalos%%%%Bystial Magnamhut%%%%Maliss <P> White Rabbit%%%%Droll & Lock Bird%%%%
1313181-77188809.json,Fryderyk Chopin,Bonso,False,True,"Abyssrhine, the Atlantean Spirit%%%%Mermail Shadow Squad%%%%Superancient Deepsea King Coelacanth%%%%Mermail Shadow Squad%%%%Mulcharmy Fuwalos%%%%",Forbidden Droplet%%%%Ash Blossom & Joyous Spring%%%%K9-17 Izuna%%%%K9-66b Lantern%%%%Crystron Cluster%%%%
1313181-77189210.json,Fryderyk Chopin,R@n_X,False,True,"Atlantean Heavy Infantry%%%%Abyssrhine, the Atlantean Spirit%%%%Deep Sea Minstrel%%%%Mulcharmy Fuwalos%%%%Poseidra, the Storming Atlantean%%%%",Terraforming%%%%Bystial Druiswurm%%%%Maliss <P> Chessy Cat%%%%Bystial Magnamhut%%%%Maliss <P> March Hare%%%%
1313181-77192368.json,Fryderyk Chopin,Matthiou,False,False,"The Phantom Knights of Ancient Cloak%%%%Forbidden Droplet%%%%Mitsurugi Prayers%%%%Nibiru, the Primal Being%%%%Phantom Knights' Fog Blade%%%%","Dracotail Faimena%%%%Mulcharmy Fuwalos%%%%Ash Blossom & Joyous Spring%%%%Nibiru, the Primal Being%%%%Dracotail Lukias%%%%"
1313181-77195728.json,Fryderyk Chopin,ISawAFrogKissinMyGirl,False,False,"Abyssrhine, the Atlantean Spirit%%%%Atlantean Dragoons%%%%Mermail Abyssteus%%%%Barrier Statue of the Torrent%%%%Mulcharmy Fuwalos%%%%",K9-17 Izuna%%%%Infinite Impermanence%%%%Mitsurugi Prayers%%%%Mitsurugi Great Purification%%%%K9-66b Lantern%%%%
1313181-77211321.json,Fryderyk Chopin,Denomico,True,True,Dracotail Pan%%%%Bystial Magnamhut%%%%Triple Tactics Thrust%%%%Dracotail Urgula%%%%Rahu Dracotail%%%%,Mulcharmy Fuwalos%%%%Dracotail Sting%%%%Dracotail Faimena%%%%Dracotail Lukias%%%%Ghost Belle & Haunted Mansion%%%%
1313181-77211480.json,Fryderyk Chopin,B1gChungus,False,False,"Abyssrhine, the Atlantean Spirit%%%%Mulcharmy Fuwalos%%%%Mermail Abyssteus%%%%Superancient Deepsea King Coelacanth%%%%Mermail Shadow Squad%%%%",Branded Lost%%%%Branded Fusion%%%%Branded in Red%%%%Aluber the Jester of Despia%%%%Mulcharmy Fuwalos%%%%
1313181-77215794.json,Fryderyk Chopin,King Joey Blaze41,False,True,"R.B. Ga10 Pile Bunker%%%%Mitsurugi no Mikoto, Aramasa%%%%Mitsurugi no Mikoto, Kusanagi%%%%Ash Blossom & Joyous Spring%%%%Dimension Shifter%%%%","Dracotail Horn%%%%Dracotail Lukias%%%%Mulcharmy Fuwalos%%%%Nibiru, the Primal Being%%%%Ash Blossom & Joyous Spring%%%%"
1313181-77236311.json,Fryderyk Chopin,diurno11,True,False,Mulcharmy Fuwalos%%%%Jet Synchron%%%%Scrap Recycler%%%%Mitsurugi Ritual%%%%R.B. Stage Landing%%%%,Fabled Lurrie%%%%Mulcharmy Fuwalos%%%%Ash Blossom & Joyous Spring%%%%Kashtira Fenrir%%%%Dominus Purge%%%%
1313181-77236921.json,Fryderyk Chopin,Ginosmile,False,True,R.B. Stage Landing%%%%Scrap Recycler%%%%R.B. Last Stand%%%%Infinite Impermanence%%%%Ame no Habakiri no Mitsurugi%%%%,Wizard @Ignister%%%%Ash Blossom & Joyous Spring%%%%Dominus Impulse%%%%Allure of Darkness%%%%Bystial Druiswurm%%%%
1313181-77237354.json,Fryderyk Chopin,naes,False,False,"R.B. Last Stand%%%%Infinite Impermanence%%%%Mitsurugi no Mikoto, Kusanagi%%%%Scrap Recycler%%%%Ame no Murakumo no Mitsurugi%%%%","Ame no Murakumo no Mitsurugi%%%%Pre-Preparation of Rites%%%%Infinite Impermanence%%%%Mitsurugi no Mikoto, Aramasa%%%%Forbidden Droplet%%%%"
1313181-77237443.json,Fryderyk Chopin,Pluginzer0,True,True,R.B. Last Stand%%%%R.B. Funk Dock%%%%R.B. Lambda Cannon%%%%Ash Blossom & Joyous Spring%%%%Mitsurugi Ritual%%%%,D/D Count Surveyor%%%%D/D Necro Slime%%%%Mulcharmy Fuwalos%%%%D/D Savant Kepler%%%%D/D Savant Copernicus%%%%
1313181-77237687.json,Fryderyk Chopin,jhunk23,False,,R.B. Stage Landing%%%%Mitsurugi Prayers%%%%Mitsurugi Ritual%%%%Ame no Habakiri no Mitsurugi%%%%Pre-Preparation of Rites%%%%,Radiant Typhoon Vision%%%%Mementotlan Akihiron%%%%Mementotlan Dark Blade%%%%Ash Blossom & Joyous Spring%%%%Mementotlan Mace%%%%
1313181-77237724.json,Fryderyk Chopin,narxxnes,True,False,"Jet Synchron%%%%Mitsurugi Prayers%%%%R.B. Ga10 Driller%%%%Scrap Recycler%%%%Mitsurugi no Mikoto, Kusanagi%%%%",Runick Fountain%%%%Mystical Space Typhoon%%%%Radiant Typhoon Krosea%%%%Radiant Typhoon Swen%%%%Radiant Typhoon Krosea%%%%
1313181-77239284.json,Fryderyk Chopin,WCG Killua,False,False,"Mulcharmy Fuwalos%%%%Mitsurugi Ritual%%%%Mitsurugi no Mikoto, Saji%%%%R.B. Ga10 Cutter%%%%Ame no Habakiri no Mitsurugi%%%%",Mulcharmy Fuwalos%%%%Vanquish Soul Jiaolong%%%%Vanquish Soul Dr. Mad Love%%%%Vanquish Soul Razen%%%%Ash Blossom & Joyous Spring%%%%
1313181-77240230.json,Fryderyk Chopin,Dhaynes00,False,True,Scrap Recycler%%%%R.B. Ga10 Cutter%%%%R.B. Lambda Blade%%%%R.B. Funk Dock%%%%R.B. Ga10 Driller%%%%,Lollipo☆Yummy%%%%Sky Striker Mobilize - Engage!%%%%Sky Striker Mecha - Hornet Drones%%%%Mulcharmy Fuwalos%%%%Forbidden Droplet%%%%
1313181-77241044.json,Fryderyk Chopin,luca3933,True,True,R.B. Funk Dock%%%%Mulcharmy Fuwalos%%%%Ame no Habakiri no Mitsurugi%%%%Forbidden Droplet%%%%Pre-Preparation of Rites%%%%,Dracotail Faimena%%%%Dracotail Flame%%%%Dracotail Mululu%%%%Dracotail Urgula%%%%Dracotail Lukias%%%%
1313181-77241764.json,Fryderyk Chopin,momdom25,False,True,"Mitsurugi no Mikoto, Kusanagi%%%%Mitsurugi Prayers%%%%R.B. Lambda Cannon%%%%Jet Synchron%%%%Mitsurugi Ritual%%%%","Mitsurugi no Mikoto, Saji%%%%Mitsurugi Magatama%%%%Mitsurugi no Mikoto, Kusanagi%%%%Forbidden Droplet%%%%Mulcharmy Fuwalos%%%%"
1313181-77243436.json,Fryderyk Chopin,apocalypse,False,False,"Scrap Recycler%%%%R.B. Funk Dock%%%%R.B. Stage Landing%%%%World Legacy - ""World Crown""%%%%Ash Blossom & Joyous Spring%%%%",Orcust Crescendo%%%%Orcustrated Babel%%%%Ash Blossom & Joyous Spring%%%%Forbidden Droplet%%%%The Black Goat Laughs%%%%
1313181-77244466.json,Fryderyk Chopin,Charlie Braun,True,True,Forbidden Droplet%%%%R.B. Ga10 Driller%%%%R.B. Lambda Cannon%%%%Scrap Recycler%%%%Mitsurugi Prayers%%%%,Ash Blossom & Joyous Spring%%%%Maliss <P> White Rabbit%%%%Maliss In Underground%%%%Gold Sarcophagus%%%%Triple Tactics Talent%%%%
1313181-77247535.json,Fryderyk Chopin,brioops,False,False,Ame no Habakiri no Mitsurugi%%%%R.B. Stage Landing%%%%Pre-Preparation of Rites%%%%Mulcharmy Fuwalos%%%%Ame no Habakiri no Mitsurugi%%%%,"Pre-Preparation of Rites%%%%Mitsurugi Great Purification%%%%Dominus Impulse%%%%Mitsurugi no Mikoto, Aramasa%%%%Mitsurugi Mirror%%%%"
1313181-77250630.json,Fryderyk Chopin,bemm.,False,True,Mulcharmy Fuwalos%%%%Scrap Recycler%%%%R.B. Ga10 Driller%%%%Jet Synchron%%%%Mitsurugi Mirror%%%%,"Marshmao☆Yummy%%%%Ame no Habakiri no Mitsurugi%%%%Mitsurugi no Mikoto, Aramasa%%%%Ash Blossom & Joyous Spring%%%%Droll & Lock Bird%%%%"
1313181-77261721.json,Fryderyk Chopin,Sergetto97,False,True,"Mitsurugi Mirror%%%%Terraforming%%%%Forbidden Droplet%%%%R.B. Stage Landing%%%%Mitsurugi no Mikoto, Kusanagi%%%%",Infinite Impermanence%%%%Forbidden Droplet%%%%Lollipo☆Yummy%%%%Sky Striker Mobilize - Engage!%%%%Forbidden Droplet%%%%
1313181-77263901.json,Fryderyk Chopin,TestAccount_2,True,False,"R.B. Last Stand%%%%World Legacy - ""World Crown""%%%%Mulcharmy Fuwalos%%%%Pre-Preparation of Rites%%%%Ash Blossom & Joyous Spring%%%%",Ash Blossom & Joyous Spring%%%%Rahu Dracotail%%%%Ash Blossom & Joyous Spring%%%%Dracotail Urgula%%%%Dracotail Pan%%%%
1313181-77269832.json,Fryderyk Chopin,ISawAFrogKissinMyGirl,False,False,Infinite Impermanence%%%%Scrap Recycler%%%%Mitsurugi Prayers%%%%Mulcharmy Fuwalos%%%%Forbidden Droplet%%%%,Mitsurugi Prayers%%%%Droll & Lock Bird%%%%K9-04 Noroi%%%%Pre-Preparation of Rites%%%%Ash Blossom & Joyous Spring%%%%
1313181-77270678.json,Fryderyk Chopin,Star Royal,False,True,Mitsurugi Prayers%%%%Mulcharmy Fuwalos%%%%Scrap Recycler%%%%R.B. Lambda Blade%%%%R.B. Last Stand%%%%,K9-17 Izuna%%%%Mulcharmy Fuwalos%%%%Vanquish Soul Heavy Borger%%%%Ghost Belle & Haunted Mansion%%%%Ash Blossom & Joyous Spring%%%%
1313181-77270998.json,Fryderyk Chopin,Lollorone,False,True,"Ame no Habakiri no Mitsurugi%%%%Mitsurugi no Mikoto, Saji%%%%Ash Blossom & Joyous Spring%%%%Ame no Habakiri no Mitsurugi%%%%R.B. Stage Landing%%%%",Mitsurugi Ritual%%%%Ghost Belle & Haunted Mansion%%%%Yummyusment☆Mignon%%%%Cupsy☆Yummy%%%%Mitsurugi Prayers%%%%
1313181-77271930.json,Fryderyk Chopin,LeGaCyAnOnYmUs,False,False,R.B. Lambda Blade%%%%Mulcharmy Fuwalos%%%%Ame no Habakiri no Mitsurugi%%%%Ash Blossom & Joyous Spring%%%%Pre-Preparation of Rites%%%%,Infinite Impermanence%%%%Ash Blossom & Joyous Spring%%%%Crossout Designator%%%%Lollipo☆Yummy%%%%Droll & Lock Bird%%%%
1313181-77272773.json,Fryderyk Chopin,Sabatis,False,True,"Jet Synchron%%%%R.B. Ga10 Cutter%%%%R.B. Funk Dock%%%%Mitsurugi no Mikoto, Saji%%%%R.B. Stage Landing%%%%",Pre-Preparation of Rites%%%%Mitsurugi Ritual%%%%Mulcharmy Fuwalos%%%%Triple Tactics Talent%%%%Mitsurugi Ritual%%%%
1313181-77275610.json,Fryderyk Chopin,gradyboogers,False,False,Scrap Recycler%%%%Ash Blossom & Joyous Spring%%%%Mitsurugi Prayers%%%%R.B. Ga10 Cutter%%%%R.B. Lambda Cannon%%%%,Yummy☆Surprise%%%%Yummyusment★Acroquey%%%%Marshmao☆Yummy%%%%Mulcharmy Fuwalos%%%%Called by the Grave%%%%
1313181-77275839.json,Fryderyk Chopin,mika chamba,False,True,"Ame no Murakumo no Mitsurugi%%%%World Legacy - ""World Crown""%%%%Infinite Impermanence%%%%Ash Blossom & Joyous Spring%%%%Mitsurugi no Mikoto, Aramasa%%%%",Mulcharmy Fuwalos%%%%Lollipo☆Yummy%%%%Yummyusment★Acroquey%%%%Cupsy☆Yummy%%%%Mulcharmy Fuwalos%%%%
1313181-77276471.json,Fryderyk Chopin,MeowmiXXfsg,False,False,"Scrap Recycler%%%%R.B. Ga10 Pile Bunker%%%%Mitsurugi no Mikoto, Kusanagi%%%%Forbidden Droplet%%%%R.B. Funk Dock%%%%","Ghost Belle & Haunted Mansion%%%%Mitsurugi Prayers%%%%Mitsurugi no Mikoto, Aramasa%%%%Ghost Belle & Haunted Mansion%%%%Infinite Impermanence%%%%"
1313181-77277143.json,Fryderyk Chopin,Luna1414,True,True,"Scrap Recycler%%%%Mitsurugi no Mikoto, Saji%%%%Infinite Impermanence%%%%R.B. Stage Landing%%%%Mitsurugi Prayers%%%%",Dracotail Mululu%%%%Ketu Dracotail%%%%Dracotail Mululu%%%%Dracotail Pan%%%%Rahu Dracotail%%%%
1313181-77277450.json,Fryderyk Chopin,brioops,False,True,Forbidden Droplet%%%%Mitsurugi Prayers%%%%Ame no Habakiri no Mitsurugi%%%%R.B. Lambda Cannon%%%%Mulcharmy Fuwalos%%%%,Futsu no Mitama no Mitsurugi%%%%Mulcharmy Fuwalos%%%%Pot of Extravagance%%%%Dominus Impulse%%%%Ame no Habakiri no Mitsurugi%%%%
1313181-77277885.json,Fryderyk Chopin,Gian Piero Gasperini,True,True,Scrap Recycler%%%%R.B. Funk Dock%%%%Forbidden Droplet%%%%R.B. Last Stand%%%%Ame no Murakumo no Mitsurugi%%%%,Ghost Belle & Haunted Mansion%%%%Rahu Dracotail%%%%Dracotail Urgula%%%%Branded Fusion%%%%Fallen of Albaz%%%%
1313181-77358445.json,Fryderyk Chopin,Mementomitosis,False,False,"Forbidden Droplet%%%%Pre-Preparation of Rites%%%%Mitsurugi no Mikoto, Saji%%%%R.B. Ga10 Driller%%%%Ame no Habakiri no Mitsurugi%%%%",Ash Blossom & Joyous Spring%%%%Chaotic Elements%%%%K9-17 Izuna%%%%Seventh Tachyon%%%%Mulcharmy Fuwalos%%%%
1313181-77358957.json,Fryderyk Chopin,PlatonFair,False,True,R.B. Funk Dock%%%%Mulcharmy Fuwalos%%%%Pre-Preparation of Rites%%%%Ame no Habakiri no Mitsurugi%%%%Pre-Preparation of Rites%%%%,Mulcharmy Fuwalos%%%%Super Polymerization%%%%Kewl Tune Mix%%%%Synchro Overtake%%%%Kewl Tune Synchro%%%%
1313181-77359140.json,Fryderyk Chopin,azym_o,False,False,Terraforming%%%%Mitsurugi Ritual%%%%Scrap Recycler%%%%Ame no Habakiri no Mitsurugi%%%%R.B. Lambda Cannon%%%%,Dracotail Flame%%%%Fallen of Albaz%%%%Dracotail Lukias%%%%Ghost Belle & Haunted Mansion%%%%Ash Blossom & Joyous Spring%%%%
1313181-77359189.json,Fryderyk Chopin,Obren26,False,False,R.B. Lambda Cannon%%%%Jet Synchron%%%%Ame no Murakumo no Mitsurugi%%%%Pre-Preparation of Rites%%%%Ame no Habakiri no Mitsurugi%%%%,Fallen of Albaz%%%%Radiant Typhoon Vision%%%%The Fallen & The Virtuous%%%%The Bystial Lubellion%%%%Radiant Typhoon Vision%%%%
1313181-77359593.json,Fryderyk Chopin,Ghismof,True,True,Scrap Recycler%%%%Infinite Impermanence%%%%Mitsurugi Prayers%%%%R.B. Stage Landing%%%%Pre-Preparation of Rites%%%%,"Nibiru, the Primal Being%%%%K9-17 Izuna%%%%Ash Blossom & Joyous Spring%%%%The Hidden Hecahands%%%%K9-66a Jokul%%%%"
1313181-77359941.json,Fryderyk Chopin,Dragma27,False,False,"Jet Synchron%%%%Forbidden Droplet%%%%Scrap Recycler%%%%Ame no Habakiri no Mitsurugi%%%%Mitsurugi no Mikoto, Kusanagi%%%%","Mitsurugi Mirror%%%%Mitsurugi Prayers%%%%Ame no Habakiri no Mitsurugi%%%%Mitsurugi no Mikoto, Kusanagi%%%%Ame no Habakiri no Mitsurugi%%%%"
1313181-77360217.json,Fryderyk Chopin,ROSA RICCI_,False,True,"World Legacy - ""World Crown""%%%%Ame no Murakumo no Mitsurugi%%%%Ame no Habakiri no Mitsurugi%%%%Ash Blossom & Joyous Spring%%%%Pre-Preparation of Rites%%%%","Dracotail Lukias%%%%K9-17 Izuna%%%%Mulcharmy Fuwalos%%%%K9-17 Izuna%%%%Nibiru, the Primal Being%%%%"
1313181-77360579.json,Fryderyk Chopin,APOCALYPSE | 42,False,False,"Infinite Impermanence%%%%Jet Synchron%%%%Mitsurugi Prayers%%%%Mitsurugi no Mikoto, Aramasa%%%%R.B. Stage Landing%%%%",Lunalight Gold Leo%%%%Lunalight Fusion%%%%Lunalight Silver Hound%%%%Ash Blossom & Joyous Spring%%%%Lunalight Silver Hound%%%%
1313181-77360936.json,Fryderyk Chopin,Bastian89mc,True,True,"R.B. Ga10 Pile Bunker%%%%World Legacy - ""World Crown""%%%%Pre-Preparation of Rites%%%%R.B. Funk Dock%%%%Mitsurugi Mirror%%%%",Maliss In Underground%%%%Backup @Ignister%%%%Maliss In Underground%%%%Maliss in the Mirror%%%%Maliss <P> March Hare%%%%
1313181-77363716.json,Fryderyk Chopin,bisKOTO,False,False,Mulcharmy Fuwalos%%%%R.B. Funk Dock%%%%Infinite Impermanence%%%%Mitsurugi Prayers%%%%Terraforming%%%%,Bystial Baldrake%%%%Kewl Tune Mix%%%%Mulcharmy Fuwalos%%%%Red Nova%%%%PSY-Framegear Delta%%%%
1313181-77365393.json,Fryderyk Chopin,NeverEndingLoseStory,False,True,Ash Blossom & Joyous Spring%%%%R.B. Last Stand%%%%Mitsurugi Prayers%%%%Infinite Impermanence%%%%Mulcharmy Fuwalos%%%%,Mementotlan Fusion%%%%Mementomictlan%%%%Mementotlan Goblin%%%%Mementotlan Dark Blade%%%%Mementotlan-Horned Dragon%%%%
1313181-77365911.json,Fryderyk Chopin,AkumaTheIndestructible,False,True,R.B. Last Stand%%%%Pre-Preparation of Rites%%%%R.B. Funk Dock%%%%Mitsurugi Prayers%%%%R.B. Lambda Blade%%%%,Fusion Deployment%%%%Fallen of Albaz%%%%Branded Fusion%%%%Fusion Deployment%%%%Super Polymerization%%%%
1313181-77367549.json,Fryderyk Chopin,444K,True,True,R.B. Funk Dock%%%%Mitsurugi Prayers%%%%Mitsurugi Mirror%%%%Ash Blossom & Joyous Spring%%%%Infinite Impermanence%%%%,Terraforming%%%%Backup @Ignister%%%%Mulcharmy Fuwalos%%%%Maliss <P> White Rabbit%%%%Gold Sarcophagus%%%%
1313181-77368736.json,Fryderyk Chopin,Shamen_433,True,True,Mulcharmy Fuwalos%%%%Mitsurugi Prayers%%%%Ash Blossom & Joyous Spring%%%%R.B. Ga10 Driller%%%%Mulcharmy Fuwalos%%%%,"Pre-Preparation of Rites%%%%Mitsurugi Prayers%%%%Pot of Extravagance%%%%Ame no Murakumo no Mitsurugi%%%%Mitsurugi no Mikoto, Aramasa%%%%"
1313181-77369156.json,Fryderyk Chopin,ChampionDuelist,False,True,R.B. Lambda Blade%%%%Ame no Habakiri no Mitsurugi%%%%Mitsurugi Prayers%%%%Ame no Murakumo no Mitsurugi%%%%Jet Synchron%%%%,"K9-17 Izuna%%%%Ash Blossom & Joyous Spring%%%%""A Case for K9""%%%%K9-66a Jokul%%%%Droll & Lock Bird%%%%"
1313181-77369594.json,Fryderyk Chopin,fefa,False,False,Mulcharmy Fuwalos%%%%Ame no Habakiri no Mitsurugi%%%%R.B. Stage Landing%%%%Forbidden Droplet%%%%Mulcharmy Fuwalos%%%%,"Mulcharmy Purulia%%%%Mermail Abysspike%%%%Neptabyss, the Atlantean Prince%%%%Deep Sea Diva%%%%Ash Blossom & Joyous Spring%%%%"
1313181-77371096.json,Fryderyk Chopin,AnOnYmus4real,False,True,Infinite Impermanence%%%%R.B. Funk Dock%%%%Scrap Recycler%%%%Pre-Preparation of Rites%%%%R.B. Funk Dock%%%%,Infinite Impermanence%%%%Marshmao☆Yummy%%%%Mitsurugi Prayers%%%%Mulcharmy Fuwalos%%%%Marshmao☆Yummy%%%%
1313181-77371877.json,Fryderyk Chopin,FVLGUR,True,False,R.B. Last Stand%%%%R.B. Stage Landing%%%%R.B. Funk Dock%%%%Forbidden Droplet%%%%R.B. Stage Landing%%%%,Called by the Grave%%%%Heavy Polymerization%%%%Lunalight Wolf%%%%The Black Goat Laughs%%%%Lunalight Emerald Bird%%%%
1313181-77372698.json,Fryderyk Chopin,Cozzo1999,True,False,Mulcharmy Fuwalos%%%%Ame no Murakumo no Mitsurugi%%%%Mitsurugi Ritual%%%%R.B. Ga10 Pile Bunker%%%%Mulcharmy Fuwalos%%%%,Edge Imp Chain%%%%Gazelle the King of Mythical Claws%%%%Called by the Grave%%%%Chimera Fusion%%%%Lacrima the Crimson Tears%%%%
1313181-77373171.json,Fryderyk Chopin,Amrak,False,False,"Mitsurugi Ritual%%%%Mitsurugi Mirror%%%%R.B. Stage Landing%%%%World Legacy - ""World Crown""%%%%R.B. Funk Dock%%%%",Blue-Eyes Jet Dragon%%%%Raigeki%%%%Primite Dragon Ether Beryl%%%%Raigeki%%%%Sage with Eyes of Blue%%%%
1313181-77384929.json,Fryderyk Chopin,barion,False,True,Mitsurugi Prayers%%%%R.B. Last Stand%%%%Forbidden Droplet%%%%Mitsurugi Mirror%%%%Ash Blossom & Joyous Spring%%%%,"Kewl Tune Synchro%%%%Crossout Designator%%%%Synchro Overtake%%%%JJ ""Kewl Tune""%%%%Ash Blossom & Joyous Spring%%%%"
1313181-77384993.json,Fryderyk Chopin,souvikde,True,True,Forbidden Droplet%%%%R.B. Stage Landing%%%%Mitsurugi Prayers%%%%Forbidden Droplet%%%%R.B. Funk Dock%%%%,K9-17 Izuna%%%%K9-66a Jokul%%%%Mulcharmy Fuwalos%%%%Vanquish Soul Dr. Mad Love%%%%Dracotail Faimena%%%%
1313181-77385627.json,Fryderyk Chopin,the-bilou,False,False,"Infinite Impermanence%%%%Ame no Habakiri no Mitsurugi%%%%Mitsurugi no Mikoto, Saji%%%%R.B. Last Stand%%%%R.B. Ga10 Driller%%%%","Mitsurugi no Mikoto, Saji%%%%Ghost Belle & Haunted Mansion%%%%Futsu no Mitama no Mitsurugi%%%%Mulcharmy Fuwalos%%%%Pre-Preparation of Rites%%%%"
1313181-77385851.json,Fryderyk Chopin,bucodelculocomecappello,True,True,R.B. Lambda Cannon%%%%Mitsurugi Prayers%%%%R.B. Funk Dock%%%%Ash Blossom & Joyous Spring%%%%Ame no Habakiri no Mitsurugi%%%%,Fiendsmith Engraver%%%%Mitsurugi Prayers%%%%Dominus Impulse%%%%Pre-Preparation of Rites%%%%Ame no Habakiri no Mitsurugi%%%%
1313181-77387828.json,Fryderyk Chopin,vedaking,False,True,Pre-Preparation of Rites%%%%R.B. Lambda Cannon%%%%R.B. Funk Dock%%%%Ash Blossom & Joyous Spring%%%%Mitsurugi Prayers%%%%,Dominus Impulse%%%%Ash Blossom & Joyous Spring%%%%Mitsurugi Prayers%%%%Dominus Impulse%%%%Ame no Murakumo no Mitsurugi%%%%
1313181-77388270.json,Fryderyk Chopin,CMPappa,True,False,Forbidden Droplet%%%%Ame no Habakiri no Mitsurugi%%%%Mitsurugi Mirror%%%%Forbidden Droplet%%%%Scrap Recycler%%%%,Triple Tactics Talent%%%%R.B. Lambda Cannon%%%%R.B. Funk Dock%%%%Mecha Phantom Beast O-Lion%%%%Pillar of the Future - Cyanos%%%%
1313181-77388793.json,Fryderyk Chopin,LucaCalamita,False,,R.B. Lambda Cannon%%%%Scrap Recycler%%%%R.B. Funk Dock%%%%Mulcharmy Fuwalos%%%%Mitsurugi Prayers%%%%,Ash Blossom & Joyous Spring%%%%R.B. Ga10 Cutter%%%%Terraforming%%%%Droll & Lock Bird%%%%Ash Blossom & Joyous Spring%%%%
1313181-77392214.json,Fryderyk Chopin,Bonso,False,True,"Infinite Impermanence%%%%Mitsurugi no Mikoto, Kusanagi%%%%Mulcharmy Fuwalos%%%%Pre-Preparation of Rites%%%%R.B. Funk Dock%%%%","Forbidden Droplet%%%%Mulcharmy Fuwalos%%%%K9-17 Izuna%%%%Chaotic Elements%%%%""A Case for K9""%%%%"
1313181-77393075.json,Fryderyk Chopin,dontbemen,False,True,"Mulcharmy Fuwalos%%%%Mitsurugi no Mikoto, Saji%%%%Mitsurugi no Mikoto, Aramasa%%%%Terraforming%%%%R.B. Funk Dock%%%%",Orcust Harp Horror%%%%Foolish Burial%%%%Mitsurugi Prayers%%%%Mulcharmy Fuwalos%%%%Mitsurugi Ritual%%%%
1313181-77394118.json,Fryderyk Chopin,13seasons,True,True,R.B. Stage Landing%%%%Forbidden Droplet%%%%R.B. Ga10 Driller%%%%Ame no Habakiri no Mitsurugi%%%%Mitsurugi Prayers%%%%,"K9-ØØ Lupis%%%%K9-66a Jokul%%%%Called by the Grave%%%%Reinforcement of the Army%%%%""A Case for K9""%%%%"
1313181-77394376.json,Fryderyk Chopin,clockwork_owl,False,True,Ame no Murakumo no Mitsurugi%%%%Ash Blossom & Joyous Spring%%%%Mitsurugi Mirror%%%%Mulcharmy Fuwalos%%%%Ash Blossom & Joyous Spring%%%%,Fire Formation - Tenki%%%%Lunalight Kaleido Chick%%%%Lunalight Black Sheep%%%%Heavy Polymerization%%%%Lunalight Gold Leo%%%%
1313181-77394664.json,Fryderyk Chopin,aurajacket,False,True,"R.B. Lambda Cannon%%%%Ame no Habakiri no Mitsurugi%%%%Terraforming%%%%Forbidden Droplet%%%%World Legacy - ""World Crown""%%%%",Forbidden Droplet%%%%Dominus Impulse%%%%Ame no Habakiri no Mitsurugi%%%%Pre-Preparation of Rites%%%%Mystical Space Typhoon%%%%
1313181-77395430&match.json,Fryderyk Chopin,Ghismof,True,True,Scrap Recycler%%%%Jet Synchron%%%%Pre-Preparation of Rites%%%%Mitsurugi Ritual%%%%Infinite Impermanence%%%%,"Kewl Tune Clip%%%%Kewl Tune Mix%%%%Kewl Tune Clip%%%%JJ ""Kewl Tune""%%%%Synchro Overtake%%%%"
1313181-77395430.json,Fryderyk Chopin,Ghismof,True,True,Scrap Recycler%%%%Jet Synchron%%%%Pre-Preparation of Rites%%%%Mitsurugi Ritual%%%%Infinite Impermanence%%%%,"Kewl Tune Clip%%%%Kewl Tune Mix%%%%Kewl Tune Clip%%%%JJ ""Kewl Tune""%%%%Synchro Overtake%%%%"
1313181-77412772.json,Fryderyk Chopin,SleepingKing,False,False,"R.B. Ga10 Cutter%%%%Pre-Preparation of Rites%%%%Mitsurugi no Mikoto, Aramasa%%%%World Legacy - ""World Crown""%%%%Ash Blossom & Joyous Spring%%%%",Radiant Typhoon Chant%%%%Goblin Biker Grand Breakout%%%%Mementotlan Mace%%%%Mementotlan Angwitch%%%%Evenly Matched%%%%
1313181-77413282.json,Fryderyk Chopin,skrpftmaks,False,False,Forbidden Droplet%%%%R.B. Funk Dock%%%%R.B. Lambda Cannon%%%%Ame no Habakiri no Mitsurugi%%%%Scrap Recycler%%%%,"Neptabyss, the Atlantean Prince%%%%Gluttonous Reptolphin Greethys%%%%Neptabyss, the Atlantean Prince%%%%Dominus Impulse%%%%Deep Sea Minstrel%%%%"
1313181-77433438.json,Fryderyk Chopin,vvvvvv12,True,True,Ame no Murakumo no Mitsurugi%%%%Mitsurugi Mirror%%%%Jet Synchron%%%%Ame no Habakiri no Mitsurugi%%%%Infinite Impermanence%%%%,Kewl Tune Mix%%%%Ghost Belle & Haunted Mansion%%%%Kewl Tune Synchro%%%%Effect Veiler%%%%Kewl Tune Cue%%%%
1313181-77433771.json,Fryderyk Chopin,LucaHinata,True,True,"R.B. Ga10 Pile Bunker%%%%R.B. Lambda Blade%%%%Ash Blossom & Joyous Spring%%%%Mitsurugi Prayers%%%%World Legacy - ""World Crown""%%%%",Bystial Druiswurm%%%%Backup @Ignister%%%%Terraforming%%%%Allure of Darkness%%%%Dominus Impulse%%%%
1313181-77436552.json,Fryderyk Chopin,FrancescoKun,False,False,Ash Blossom & Joyous Spring%%%%Mulcharmy Fuwalos%%%%Mitsurugi Prayers%%%%Pre-Preparation of Rites%%%%Scrap Recycler%%%%,Mulcharmy Purulia%%%%Dracotail Faimena%%%%Dracotail Urgula%%%%Dracotail Flame%%%%Dracotail Horn%%%%
1313181-77453903.json,Fryderyk Chopin,Sky Striker Master,True,False,Mulcharmy Fuwalos%%%%Ame no Murakumo no Mitsurugi%%%%Ame no Habakiri no Mitsurugi%%%%Scrap Recycler%%%%R.B. Ga10 Driller%%%%,Maliss In Underground%%%%Ash Blossom & Joyous Spring%%%%Allure of Darkness%%%%PSY-Framegear Gamma%%%%Dimension Shifter%%%%
1313181-77455741.json,Fryderyk Chopin,SeriousSnafu,True,True,Mitsurugi Prayers%%%%R.B. Ga10 Driller%%%%Infinite Impermanence%%%%R.B. Funk Dock%%%%Forbidden Droplet%%%%,Vanquish Soul Jiaolong%%%%K9-17 Izuna%%%%Vanquish Soul Dr. Mad Love%%%%Mulcharmy Fuwalos%%%%Reinforcement of the Army%%%%
1313181-77456109.json,Fryderyk Chopin,"Will ""Fiend"" Smith",True,True,R.B. Lambda Blade%%%%Mitsurugi Prayers%%%%R.B. Ga10 Pile Bunker%%%%R.B. Funk Dock%%%%Pre-Preparation of Rites%%%%,Infinite Impermanence%%%%Pre-Preparation of Rites%%%%Bystial Magnamhut%%%%Forbidden Droplet%%%%Mitsurugi Prayers%%%%
1313181-77463994.json,Fryderyk Chopin,R-ACE,False,True,Mitsurugi Mirror%%%%Scrap Recycler%%%%Pre-Preparation of Rites%%%%Ash Blossom & Joyous Spring%%%%Mulcharmy Fuwalos%%%%,"Infinite Impermanence%%%%Nibiru, the Primal Being%%%%Infinite Impermanence%%%%Mulcharmy Fuwalos%%%%Mitsurugi Prayers%%%%"
1313181-77465152.json,Fryderyk Chopin,HaouOvie,True,True,"Pre-Preparation of Rites%%%%R.B. Stage Landing%%%%Forbidden Droplet%%%%Mitsurugi Ritual%%%%Mitsurugi no Mikoto, Saji%%%%",Mulcharmy Purulia%%%%Mulcharmy Fuwalos%%%%Ryzeal Cross%%%%Node Ryzeal%%%%Dodododo Warrior%%%%
1313181-77465846.json,Fryderyk Chopin,dandannotplural,False,,Ame no Habakiri no Mitsurugi%%%%Mitsurugi Prayers%%%%Forbidden Droplet%%%%Ame no Habakiri no Mitsurugi%%%%Pre-Preparation of Rites%%%%,"That Grass Looks Greener%%%%Tearlaments Kashtira%%%%Tearlaments Sulliek%%%%Walls of the Imperial Tomb%%%%Imsety, Glory of Horus%%%%"
1313181-77467938.json,Fryderyk Chopin,StuckInTheGXera,False,False,Forbidden Droplet%%%%R.B. Last Stand%%%%R.B. Funk Dock%%%%R.B. Ga10 Cutter%%%%Forbidden Droplet%%%%,Effect Veiler%%%%Synchro Overtake%%%%Kewl Tune Cue%%%%Ghost Ogre & Snow Rabbit%%%%Kewl Tune Cue%%%%
1313181-77468186.json,Fryderyk Chopin,vagancy,True,True,Mitsurugi Mirror%%%%Scrap Recycler%%%%R.B. Funk Dock%%%%R.B. Ga10 Cutter%%%%Mitsurugi Prayers%%%%,"Triple Tactics Talent%%%%Vanquish Soul Hollie Sue%%%%Vanquish Soul Dr. Mad Love%%%%""A Case for K9""%%%%Ash Blossom & Joyous Spring%%%%"
1313181-77468905.json,Fryderyk Chopin,xShanton,False,,Infinite Impermanence%%%%Pre-Preparation of Rites%%%%Forbidden Droplet%%%%R.B. Ga10 Driller%%%%Infinite Impermanence%%%%,"Mulcharmy Purulia%%%%Ash Blossom & Joyous Spring%%%%Dracotail Mululu%%%%Performapal Odd-Eyes Dissolver%%%%Nibiru, the Primal Being%%%%"
1313181-77469049.json,Fryderyk Chopin,RESCUE ACE AIR LIFTER,False,False,"Mitsurugi no Mikoto, Kusanagi%%%%R.B. Stage Landing%%%%Mulcharmy Fuwalos%%%%Mitsurugi no Mikoto, Aramasa%%%%Jet Synchron%%%%",Bystial Magnamhut%%%%Bystial Baldrake%%%%Infinite Impermanence%%%%Dominus Impulse%%%%Ash Blossom & Joyous Spring%%%%
1313181-77475631.json,Fryderyk Chopin,Ginosmile,True,False,"Infinite Impermanence%%%%Ame no Murakumo no Mitsurugi%%%%Mulcharmy Fuwalos%%%%Mitsurugi no Mikoto, Aramasa%%%%Forbidden Droplet%%%%",Maliss <P> Chessy Cat%%%%Backup @Ignister%%%%Dominus Impulse%%%%Maliss <P> Chessy Cat%%%%Maliss <P> March Hare%%%%
1313181-77475823.json,Fryderyk Chopin,Dillema,True,,Scrap Recycler%%%%Terraforming%%%%Mulcharmy Fuwalos%%%%Mitsurugi Prayers%%%%Pre-Preparation of Rites%%%%,Mitsurugi Prayers%%%%Effect Veiler%%%%Ame no Murakumo no Mitsurugi%%%%Ghost Belle & Haunted Mansion%%%%Mulcharmy Purulia%%%%
1313181-77475835.json,Fryderyk Chopin,Dex-x,False,True,"Ash Blossom & Joyous Spring%%%%Infinite Impermanence%%%%Mitsurugi no Mikoto, Aramasa%%%%Mulcharmy Fuwalos%%%%Terraforming%%%%",Ghost Belle & Haunted Mansion%%%%Mitsurugi Ritual%%%%Orcust Harp Horror%%%%Mitsurugi Great Purification%%%%Ame no Murakumo no Mitsurugi%%%%
1313181-77475901.json,Fryderyk Chopin,nep8393,False,True,R.B. Stage Landing%%%%Mulcharmy Fuwalos%%%%Infinite Impermanence%%%%Mitsurugi Prayers%%%%Scrap Recycler%%%%,Infinite Impermanence%%%%Labrynth Chandraglier%%%%Labrynth Cooclock%%%%Transaction Rollback%%%%Dominus Impulse%%%%
1313181-77476299.json,Fryderyk Chopin,Jerix,True,False,"Mitsurugi no Mikoto, Saji%%%%R.B. Lambda Blade%%%%Mulcharmy Fuwalos%%%%R.B. Funk Dock%%%%Ash Blossom & Joyous Spring%%%%",Synchro Overtake%%%%Kewl Tune Clip%%%%Kewl Tune Mix%%%%Mulcharmy Fuwalos%%%%PSY-Framegear Gamma%%%%
1313181-77483629.json,Fryderyk Chopin,RoKey,False,False,Scrap Recycler%%%%Jet Synchron%%%%R.B. Last Stand%%%%Ame no Habakiri no Mitsurugi%%%%R.B. Lambda Blade%%%%,Called by the Grave%%%%Dominus Impulse%%%%Ame no Murakumo no Mitsurugi%%%%Pre-Preparation of Rites%%%%Infinite Impermanence%%%%
1313181-77484145.json,Fryderyk Chopin,Ramuki,False,True,Ame no Habakiri no Mitsurugi%%%%Terraforming%%%%R.B. Funk Dock%%%%R.B. Ga10 Driller%%%%R.B. Funk Dock%%%%,Bystial Saronir%%%%Branded in High Spirits%%%%Branded Opening%%%%The Fallen & The Virtuous%%%%Forbidden Droplet%%%%
1313181-77484499.json,Fryderyk Chopin,thazark,False,False,"Mitsurugi no Mikoto, Saji%%%%Mulcharmy Fuwalos%%%%Scrap Recycler%%%%R.B. Stage Landing%%%%Infinite Impermanence%%%%",Crossout Designator%%%%Mitsurugi Mirror%%%%Mitsurugi Prayers%%%%Mulcharmy Fuwalos%%%%Yummy☆Surprise%%%%
1313181-77489213.json,Fryderyk Chopin,Momcilo,False,True,"R.B. Stage Landing%%%%World Legacy - ""World Crown""%%%%Scrap Recycler%%%%Ame no Habakiri no Mitsurugi%%%%Mulcharmy Fuwalos%%%%",Maliss in the Mirror%%%%Maliss <P> Chessy Cat%%%%Backup @Ignister%%%%Bystial Baldrake%%%%Ash Blossom & Joyous Spring%%%%
1313181-77498929.json,Fryderyk Chopin,dbzviet123,True,True,Ame no Murakumo no Mitsurugi%%%%Scrap Recycler%%%%Mitsurugi Prayers%%%%R.B. Stage Landing%%%%Pre-Preparation of Rites%%%%,Maliss <P> Chessy Cat%%%%Maliss <P> Dormouse%%%%Maliss In Underground%%%%Maliss <P> White Rabbit%%%%Wizard @Ignister%%%%
1313181-77499076.json,Fryderyk Chopin,Volto99,True,True,"Ame no Habakiri no Mitsurugi%%%%Scrap Recycler%%%%Ash Blossom & Joyous Spring%%%%R.B. Last Stand%%%%Mitsurugi no Mikoto, Aramasa%%%%",Marshmao☆Yummy%%%%Ash Blossom & Joyous Spring%%%%Triple Tactics Talent%%%%Marshmao☆Yummy%%%%Cupsy☆Yummy%%%%
1313181-77499646.json,Fryderyk Chopin,Superfire,True,True,Forbidden Droplet%%%%Ame no Murakumo no Mitsurugi%%%%Mulcharmy Fuwalos%%%%Mitsurugi Prayers%%%%Pre-Preparation of Rites%%%%,"Fusion Deployment%%%%Guiding Quem, the Virtuous%%%%Aluber the Jester of Despia%%%%Despian Tragedy%%%%Forbidden Droplet%%%%"
1313181-77500029.json,Fryderyk Chopin,touma96,True,True,Ame no Habakiri no Mitsurugi%%%%R.B. Ga10 Pile Bunker%%%%Forbidden Droplet%%%%Mulcharmy Fuwalos%%%%R.B. Stage Landing%%%%,"Mitsurugi Mirror%%%%Mitsurugi Ritual%%%%Mitsurugi no Mikoto, Kusanagi%%%%Forbidden Droplet%%%%Yummyusment☆Mignon%%%%"
1313181-77500355.json,Fryderyk Chopin,Nekroz of Unicore,False,True,"R.B. Last Stand%%%%Scrap Recycler%%%%Mulcharmy Fuwalos%%%%R.B. Stage Landing%%%%World Legacy - ""World Crown""%%%%",Sky Striker Mecha - Hornet Drones%%%%Cupsy☆Yummy%%%%Pot of Prosperity%%%%Infinite Impermanence%%%%Obedience Schooled%%%%
1313181-77500981.json,Fryderyk Chopin,Rampingu is the Goat,True,False,Mitsurugi Prayers%%%%Ame no Habakiri no Mitsurugi%%%%Jet Synchron%%%%Ame no Habakiri no Mitsurugi%%%%R.B. Last Stand%%%%,Mementotlan Goblin%%%%Forbidden Droplet%%%%Mementotlan Tatsunootoshigo%%%%Mementotlan Fusion%%%%Mulcharmy Fuwalos%%%%
1313181-77502712.json,Fryderyk Chopin,lukas dark lord,False,,"Mitsurugi no Mikoto, Saji%%%%R.B. Ga10 Pile Bunker%%%%Ash Blossom & Joyous Spring%%%%World Legacy - ""World Crown""%%%%Ame no Murakumo no Mitsurugi%%%%",Triple Tactics Talent%%%%Mulcharmy Fuwalos%%%%The Bystial Lubellion%%%%Fusion Duplication%%%%Mulcharmy Fuwalos%%%%
1313181-77505337.json,Fryderyk Chopin,mikipepper,False,False,Mulcharmy Fuwalos%%%%R.B. Stage Landing%%%%Mitsurugi Prayers%%%%R.B. Funk Dock%%%%Mulcharmy Fuwalos%%%%,Obedience Schooled%%%%Mulcharmy Fuwalos%%%%Dominus Purge%%%%Ghost Belle & Haunted Mansion%%%%Infinite Impermanence%%%%
1313181-77505973.json,Fryderyk Chopin,.l. ._. .i.,True,False,Scrap Recycler%%%%Mitsurugi Prayers%%%%Mulcharmy Fuwalos%%%%Ash Blossom & Joyous Spring%%%%Forbidden Droplet%%%%,Infinite Impermanence%%%%Mitsurugi Prayers%%%%Called by the Grave%%%%Infinite Impermanence%%%%Droll & Lock Bird%%%%
1313181-77511191.json,Fryderyk Chopin,REALSTUNNA,False,False,Scrap Recycler%%%%Ame no Murakumo no Mitsurugi%%%%Ame no Habakiri no Mitsurugi%%%%Pre-Preparation of Rites%%%%R.B. Ga10 Driller%%%%,"Nibiru, the Primal Being%%%%Ketu Dracotail%%%%Mulcharmy Fuwalos%%%%K9-17 Izuna%%%%K9-17 Izuna%%%%"
1313181-77511835.json,Fryderyk Chopin,droppinthetnt,False,True,Ash Blossom & Joyous Spring%%%%Mulcharmy Fuwalos%%%%Mitsurugi Prayers%%%%Infinite Impermanence%%%%Mulcharmy Fuwalos%%%%,Vanquish Soul Heavy Borger%%%%Vanquish Soul Hollie Sue%%%%Ash Blossom & Joyous Spring%%%%K9-X Forced Release%%%%Mulcharmy Fuwalos%%%%
1313181-77512398&match.json,Fryderyk Chopin,Addison Rae,False,False,Mulcharmy Fuwalos%%%%Mitsurugi Prayers%%%%Forbidden Droplet%%%%Ame no Habakiri no Mitsurugi%%%%Ame no Murakumo no Mitsurugi%%%%,Dominus Impulse%%%%Mulcharmy Fuwalos%%%%Orcust Knightmare%%%%Super Polymerization%%%%Triple Tactics Talent%%%%
1313181-77512398.json,Fryderyk Chopin,Addison Rae,False,False,Mulcharmy Fuwalos%%%%Mitsurugi Prayers%%%%Forbidden Droplet%%%%Ame no Habakiri no Mitsurugi%%%%Ame no Murakumo no Mitsurugi%%%%,Dominus Impulse%%%%Mulcharmy Fuwalos%%%%Orcust Knightmare%%%%Super Polymerization%%%%Triple Tactics Talent%%%%
1313181-77515335&match.json,Fryderyk Chopin,Wheems,True,True,Mitsurugi Mirror%%%%R.B. Funk Dock%%%%Pre-Preparation of Rites%%%%R.B. Funk Dock%%%%R.B. Ga10 Driller%%%%,K9-17 Izuna%%%%Ash Blossom & Joyous Spring%%%%K9-ØØ Lupis%%%%K9-66a Jokul%%%%Orcustrated Babel%%%%
1313181-77515335.json,Fryderyk Chopin,Wheems,True,True,Mitsurugi Mirror%%%%R.B. Funk Dock%%%%Pre-Preparation of Rites%%%%R.B. Funk Dock%%%%R.B. Ga10 Driller%%%%,K9-17 Izuna%%%%Ash Blossom & Joyous Spring%%%%K9-ØØ Lupis%%%%K9-66a Jokul%%%%Orcustrated Babel%%%%
1313181-77523390.json,Fryderyk Chopin,tullersam5,False,True,Ame no Habakiri no Mitsurugi%%%%Ash Blossom & Joyous Spring%%%%Ame no Murakumo no Mitsurugi%%%%Scrap Recycler%%%%Infinite Impermanence%%%%,Dominus Purge%%%%Anubis the Last Judge%%%%Primite Dragon Ether Beryl%%%%Dominus Impulse%%%%Terraforming%%%%
1313181-77524047.json,Fryderyk Chopin,TayNinh-Style,False,True,R.B. Stage Landing%%%%Terraforming%%%%Mulcharmy Fuwalos%%%%Mitsurugi Prayers%%%%R.B. Funk Dock%%%%,Maliss <P> Chessy Cat%%%%Allure of Darkness%%%%Maliss <C> MTP-07%%%%Maliss <P> Chessy Cat%%%%Backup @Ignister%%%%
1313181-77525222.json,Fryderyk Chopin,dingoe12,False,False,Mulcharmy Fuwalos%%%%Mitsurugi Ritual%%%%R.B. Funk Dock%%%%Pre-Preparation of Rites%%%%Ash Blossom & Joyous Spring%%%%,Fire Formation - Tenki%%%%Lunalight Masquerade%%%%Heavy Polymerization%%%%Dominus Impulse%%%%Triple Tactics Talent%%%%
1313181-77526363.json,Fryderyk Chopin,kingtrish__,True,False,R.B. Lambda Blade%%%%R.B. Lambda Cannon%%%%Infinite Impermanence%%%%Mitsurugi Mirror%%%%R.B. Ga10 Pile Bunker%%%%,"Maliss in the Mirror%%%%Nibiru, the Primal Being%%%%Dominus Impulse%%%%Nibiru, the Primal Being%%%%Allure of Darkness%%%%"
1313181-77529222.json,Fryderyk Chopin,SlimJae,False,True,"Ame no Habakiri no Mitsurugi%%%%Mitsurugi no Mikoto, Aramasa%%%%R.B. Last Stand%%%%R.B. Ga10 Driller%%%%Ash Blossom & Joyous Spring%%%%",Ketu Dracotail%%%%Dracotail Lukias%%%%Emergency Teleport%%%%Rahu Dracotail%%%%Ghost Belle & Haunted Mansion%%%%
1313181-77535185.json,Fryderyk Chopin,alexxmills,True,True,Ash Blossom & Joyous Spring%%%%Pre-Preparation of Rites%%%%R.B. Funk Dock%%%%Infinite Impermanence%%%%Mulcharmy Fuwalos%%%%,Ame no Habakiri no Mitsurugi%%%%Called by the Grave%%%%Pre-Preparation of Rites%%%%Mitsurugi Prayers%%%%Mitsurugi Ritual%%%%
1313181-77552227.json,Fryderyk Chopin,SenorAdrio,True,True,Terraforming%%%%Jet Synchron%%%%Forbidden Droplet%%%%Mulcharmy Fuwalos%%%%R.B. Stage Landing%%%%,Ash Blossom & Joyous Spring%%%%Maliss <P> March Hare%%%%Maliss in the Mirror%%%%Allure of Darkness%%%%Maliss <P> White Rabbit%%%%
1313181-77552653.json,Fryderyk Chopin,LucaHinata,False,False,Scrap Recycler%%%%Forbidden Droplet%%%%R.B. Ga10 Pile Bunker%%%%R.B. Stage Landing%%%%Mitsurugi Prayers%%%%,Dominus Impulse%%%%Sky Striker Mecha - Widow Anchor%%%%Allure of Darkness%%%%Maliss <P> Dormouse%%%%Backup @Ignister%%%%
1313181-77601173.json,Fryderyk Chopin,bono mondi,False,,Forbidden Droplet%%%%Scrap Recycler%%%%R.B. Funk Dock%%%%Ame no Habakiri no Mitsurugi%%%%Mulcharmy Fuwalos%%%%,Rahu Dracotail%%%%Dracotail Faimena%%%%Dracotail Lukias%%%%Ghost Belle & Haunted Mansion%%%%Dracotail Faimena%%%%
1313181-77601277.json,Fryderyk Chopin,apocalypse,False,True,Mitsurugi Mirror%%%%Ame no Habakiri no Mitsurugi%%%%R.B. Lambda Cannon%%%%R.B. Funk Dock%%%%Infinite Impermanence%%%%,"Forbidden Chalice%%%%Dominus Impulse%%%%Orcustrated Return%%%%Mulcharmy Fuwalos%%%%Girsu, the Orcust Mekk-Knight%%%%"
1313181-77601562.json,Fryderyk Chopin,iLoveBeer,False,False,Ash Blossom & Joyous Spring%%%%Mulcharmy Fuwalos%%%%Mitsurugi Ritual%%%%Mitsurugi Prayers%%%%Forbidden Droplet%%%%,Marshmao☆Yummy%%%%Fiendsmith Engraver%%%%Cupsy☆Yummy%%%%Cooky☆Yummy%%%%Marshmao☆Yummy%%%%
1313181-77603336.json,Fryderyk Chopin,denniboy44,False,False,Scrap Recycler%%%%Mulcharmy Fuwalos%%%%R.B. Funk Dock%%%%Pre-Preparation of Rites%%%%R.B. Stage Landing%%%%,Master Tao the Chanter%%%%Big-Winged Berfomet%%%%Super Polymerization%%%%Hecahands Yadel%%%%Book of Eclipse%%%%
1313181-77606714.json,Fryderyk Chopin,Bismarkola,True,True,"Mitsurugi Prayers%%%%R.B. Ga10 Pile Bunker%%%%Infinite Impermanence%%%%Scrap Recycler%%%%Mitsurugi no Mikoto, Saji%%%%",Dimension Shifter%%%%Mitsurugi Ritual%%%%Sword Ryzeal%%%%Ame no Habakiri no Mitsurugi%%%%Ame no Murakumo no Mitsurugi%%%%
1313181-77607066.json,Fryderyk Chopin,LookAtCecchi,True,,Forbidden Droplet%%%%R.B. Funk Dock%%%%R.B. Ga10 Driller%%%%Infinite Impermanence%%%%Mitsurugi Prayers%%%%,"Mulcharmy Fuwalos%%%%""A Case for K9""%%%%Vanquish Soul Dr. Mad Love%%%%Vanquish Soul Jiaolong%%%%Mulcharmy Fuwalos%%%%"
1313181-77607141.json,Fryderyk Chopin,TopDeckTur,True,False,Forbidden Droplet%%%%R.B. Funk Dock%%%%Ash Blossom & Joyous Spring%%%%R.B. Stage Landing%%%%Mulcharmy Fuwalos%%%%,Treasures of the Kings%%%%Verdict of Anubis%%%%Dominus Impulse%%%%Infinite Impermanence%%%%Terraforming%%%%
1313181-77607298.json,Fryderyk Chopin,Toxic Community,False,False,"Mulcharmy Fuwalos%%%%World Legacy - ""World Crown""%%%%R.B. Stage Landing%%%%Forbidden Droplet%%%%Ame no Habakiri no Mitsurugi%%%%",Allure of Darkness%%%%Maliss <P> Chessy Cat%%%%Allure of Darkness%%%%Dominus Impulse%%%%Ash Blossom & Joyous Spring%%%%
1313181-77607422.json,Fryderyk Chopin,Pingu55,False,False,R.B. Lambda Cannon%%%%R.B. Lambda Blade%%%%Ame no Habakiri no Mitsurugi%%%%Infinite Impermanence%%%%Mulcharmy Fuwalos%%%%,"""A Case for K9""%%%%Vanquish Soul Heavy Borger%%%%Vanquish Soul Jiaolong%%%%Ash Blossom & Joyous Spring%%%%K9-66a Jokul%%%%"
1313181-77670513.json,Fryderyk Chopin,Dave Vecht,False,False,Mitsurugi Ritual%%%%R.B. Funk Dock%%%%R.B. Last Stand%%%%R.B. Funk Dock%%%%Ash Blossom & Joyous Spring%%%%,"K9-66a Jokul%%%%""A Case for K9""%%%%Vanquish Soul Dr. Mad Love%%%%Mulcharmy Fuwalos%%%%Droll & Lock Bird%%%%"
1313181-77696269.json,Fryderyk Chopin,Skrapz,True,,"World Legacy - ""World Crown""%%%%Scrap Recycler%%%%Mulcharmy Fuwalos%%%%R.B. Stage Landing%%%%Mitsurugi Prayers%%%%",Magical Musketeer Caspar%%%%Radiant Typhoon Vision%%%%Lacrima the Crimson Tears%%%%Radiant Typhoon Vision%%%%Magical Musket - Desperado%%%%
1313181-77696466.json,Fryderyk Chopin,SuperSlimPB,True,False,Mulcharmy Fuwalos%%%%R.B. Last Stand%%%%Forbidden Droplet%%%%Mitsurugi Mirror%%%%Pre-Preparation of Rites%%%%,Ash Blossom & Joyous Spring%%%%Dracotail Mululu%%%%Mulcharmy Purulia%%%%Dracotail Mululu%%%%Ash Blossom & Joyous Spring%%%%
1313181-77721696.json,Fryderyk Chopin,vagancy,True,False,"Mitsurugi no Mikoto, Aramasa%%%%Mulcharmy Fuwalos%%%%R.B. Lambda Cannon%%%%Pre-Preparation of Rites%%%%Mitsurugi Prayers%%%%",Ash Blossom & Joyous Spring%%%%Stake your Soul!%%%%Called by the Grave%%%%K9-X Forced Release%%%%K9-17 Izuna%%%%
1313181-77721840.json,Fryderyk Chopin,Charlie Braun,True,True,R.B. Ga10 Cutter%%%%Forbidden Droplet%%%%Scrap Recycler%%%%Pre-Preparation of Rites%%%%Infinite Impermanence%%%%,Ash Blossom & Joyous Spring%%%%Maliss <P> White Rabbit%%%%Triple Tactics Talent%%%%Mulcharmy Purulia%%%%Bystial Baldrake%%%%
1313181-77764843.json,Fryderyk Chopin,Prosser99,True,True,Ash Blossom & Joyous Spring%%%%Infinite Impermanence%%%%Terraforming%%%%R.B. Funk Dock%%%%Mitsurugi Prayers%%%%,Ash Blossom & Joyous Spring%%%%Mulcharmy Fuwalos%%%%Lollipo☆Yummy%%%%Cooky☆Yummy%%%%Piri Reis Map%%%%
1313181-77765060.json,Fryderyk Chopin,DStar9080,True,False,Scrap Recycler%%%%Ash Blossom & Joyous Spring%%%%R.B. Stage Landing%%%%R.B. Ga10 Cutter%%%%Ash Blossom & Joyous Spring%%%%,"Enneacraft Release%%%%Deftero Enneacraft - ""alazoneIA""%%%%Enneacraft Reverth%%%%Sol and Luna%%%%Pinpoint Landing%%%%"
1313181-77787280.json,Fryderyk Chopin,BlizzArtTryDrei,False,False,Ash Blossom & Joyous Spring%%%%Mulcharmy Fuwalos%%%%Pre-Preparation of Rites%%%%Ash Blossom & Joyous Spring%%%%Mitsurugi Prayers%%%%,Ash Blossom & Joyous Spring%%%%Vanquish Soul Jiaolong%%%%Vanquish Soul Dr. Mad Love%%%%K9-66a Jokul%%%%Vanquish Soul Heavy Borger%%%%
1313181-77808282.json,Fryderyk Chopin,UnhingedFortress,False,False,Pre-Preparation of Rites%%%%R.B. Ga10 Driller%%%%Ash Blossom & Joyous Spring%%%%Mulcharmy Fuwalos%%%%Mitsurugi Ritual%%%%,King's Sarcophagus%%%%Droll & Lock Bird%%%%Dominus Impulse%%%%Orcust Harp Horror%%%%Foolish Burial Goods%%%%
1313181-77808633.json,Fryderyk Chopin,PaulAlston,False,False,Forbidden Droplet%%%%R.B. Stage Landing%%%%Ame no Habakiri no Mitsurugi%%%%R.B. Ga10 Driller%%%%R.B. Stage Landing%%%%,Shaddoll Beast%%%%Reeshaddoll Wendi%%%%Dracotail Pan%%%%Shaddoll Squamata%%%%Rahu Dracotail%%%%
1313181-77809181.json,Fryderyk Chopin,IdkJustBlue,False,False,"Mermail Shadow Squad%%%%Mermail Abyssteus%%%%Called by the Grave%%%%Deep Sea Diva%%%%Neptabyss, the Atlantean Prince%%%%",Piri Reis Map%%%%K9-17 Izuna%%%%Marshmao☆Yummy%%%%Ash Blossom & Joyous Spring%%%%Ghost Belle & Haunted Mansion%%%%
1313181-77809207.json,Fryderyk Chopin,ShockScrapper77,False,False,"Poseidra, the Storming Atlantean%%%%Abyssrhine, the Atlantean Spirit%%%%Dominus Impulse%%%%Dominus Spiral%%%%Mermail Shadow Squad%%%%",Mementotlan Tatsunootoshigo%%%%Evenly Matched%%%%Goblin Biker Grand Breakout%%%%Mementotlan Goblin%%%%Mementotlan Akihiron%%%%
1313181-78078825.json,Fryderyk Chopin,lordmew96,True,True,"Mitsurugi no Mikoto, Kusanagi%%%%Scrap Recycler%%%%Infinite Impermanence%%%%World Legacy - ""World Crown""%%%%Mitsurugi Prayers%%%%",K9-17 Izuna%%%%Mulcharmy Purulia%%%%Stake your Soul!%%%%Vanquish Soul Dr. Mad Love%%%%Vanquish Soul Jiaolong%%%%
1313181-78079262.json,Fryderyk Chopin,Erenel,False,True,"Poseidra, the Storming Atlantean%%%%Dominus Impulse%%%%Mermail Abyssteus%%%%Called by the Grave%%%%Mulcharmy Fuwalos%%%%",Dracotail Faimena%%%%Dracotail Mululu%%%%Pot of Prosperity%%%%Dracotail Horn%%%%Dracotail Mululu%%%%
1313181-78079473.json,Fryderyk Chopin,Giannini93,False,False,"Deep Sea Diva%%%%Poseidra, the Storming Atlantean%%%%Abyssrhine, the Atlantean Spirit%%%%Infinite Impermanence%%%%Superancient Deepsea King Coelacanth%%%%",Ghost Belle & Haunted Mansion%%%%Stake your Soul!%%%%K9-X Forced Release%%%%Vanquish Soul Hollie Sue%%%%Ash Blossom & Joyous Spring%%%%
1313181-78081120.json,Fryderyk Chopin,Mihawk615,False,True,Scrap Recycler%%%%Mulcharmy Fuwalos%%%%Ash Blossom & Joyous Spring%%%%Ame no Habakiri no Mitsurugi%%%%R.B. Lambda Blade%%%%,Ash Blossom & Joyous Spring%%%%Blackwing - Sharnga the Waning Moon%%%%Bystial Druiswurm%%%%Infinite Impermanence%%%%Mulcharmy Fuwalos%%%%
1313181-78081346.json,Fryderyk Chopin,Deltament,False,False,R.B. Funk Dock%%%%Terraforming%%%%Pre-Preparation of Rites%%%%Mulcharmy Fuwalos%%%%Infinite Impermanence%%%%,"Sol and Luna%%%%Proto Enneacraft - ""orgIA""%%%%Enneacraft - Archa.TAIL%%%%Nibiru, the Primal Being%%%%Enneacraft - Asta.PIXEA%%%%"
1313181-78082317.json,Fryderyk Chopin,stunforfun,False,False,"Mitsurugi no Mikoto, Kusanagi%%%%R.B. Ga10 Driller%%%%Pre-Preparation of Rites%%%%Forbidden Droplet%%%%Ame no Habakiri no Mitsurugi%%%%",Maliss In Underground%%%%Terraforming%%%%Allure of Darkness%%%%Backup @Ignister%%%%Ash Blossom & Joyous Spring%%%%
1313181-78102919.json,Fryderyk Chopin,islandcoin88,True,True,R.B. Funk Dock%%%%Scrap Recycler%%%%Infinite Impermanence%%%%R.B. Funk Dock%%%%Terraforming%%%%,Rainbow Bridge of Salvation%%%%Tearlaments Scream%%%%Destiny HERO - Malicious%%%%Pressured Planet Wraitsoth%%%%Tearlaments Kashtira%%%%
1313181-78103079.json,Fryderyk Chopin,Pokemon50,False,True,Mitsurugi Mirror%%%%Forbidden Droplet%%%%R.B. Stage Landing%%%%R.B. Lambda Blade%%%%Infinite Impermanence%%%%,"JJ ""Kewl Tune""%%%%PSY-Framegear Delta%%%%Kewl Tune Synchro%%%%Synchro Overtake%%%%Kewl Tune Cue%%%%"
1313181-78103560.json,Fryderyk Chopin,denniboy44,False,True,Terraforming%%%%Mitsurugi Prayers%%%%R.B. Funk Dock%%%%Mulcharmy Fuwalos%%%%Jet Synchron%%%%,Mulcharmy Fuwalos%%%%Triple Tactics Talent%%%%Ghost Belle & Haunted Mansion%%%%Kewl Tune Mix%%%%Mulcharmy Fuwalos%%%%
1313181-78103733.json,Fryderyk Chopin,Erenel,False,False,"Ash Blossom & Joyous Spring%%%%Forbidden Droplet%%%%Infinite Impermanence%%%%R.B. Lambda Cannon%%%%Mitsurugi no Mikoto, Aramasa%%%%",Dracotail Horn%%%%Rahu Dracotail%%%%Dracotail Lukias%%%%Dracotail Phryxul%%%%Mulcharmy Fuwalos%%%%
1313181-78104029.json,Fryderyk Chopin,illya,False,True,"Ame no Habakiri no Mitsurugi%%%%R.B. Ga10 Pile Bunker%%%%Infinite Impermanence%%%%Mulcharmy Fuwalos%%%%Mitsurugi no Mikoto, Aramasa%%%%",Yummyusment☆Mignon%%%%Infinite Impermanence%%%%Cupsy☆Yummy%%%%Droll & Lock Bird%%%%Mulcharmy Fuwalos%%%%
1313181-78104774.json,Fryderyk Chopin,Rinzler5132,False,True,"Dominus Spiral%%%%Atlantean Dragoons%%%%Superancient Deepsea King Coelacanth%%%%Neptabyss, the Atlantean Prince%%%%Ash Blossom & Joyous Spring%%%%","Futsu no Mitama no Mitsurugi%%%%Ame no Habakiri no Mitsurugi%%%%Nibiru, the Primal Being%%%%Yummyusment☆Mignon%%%%Yummy☆Surprise%%%%"
1313181-78105001.json,Fryderyk Chopin,Von Schliecker,True,True,"R.B. Funk Dock%%%%R.B. Stage Landing%%%%R.B. Last Stand%%%%Mitsurugi no Mikoto, Saji%%%%Infinite Impermanence%%%%","Ekto Enneacraft - ""tromarIA""%%%%Enneapolis%%%%Book of Eclipse%%%%Enneacraft - Aiza.LEON%%%%Enneacraft Reverth%%%%"
1313181-78105300.json,Fryderyk Chopin,pepsiuuum,False,True,Scrap Recycler%%%%Jet Synchron%%%%R.B. Funk Dock%%%%Infinite Impermanence%%%%R.B. Funk Dock%%%%,Lollipo☆Yummy%%%%Called by the Grave%%%%Triple Tactics Talent%%%%Mitsurugi Mirror%%%%Ash Blossom & Joyous Spring%%%%
1313181-78112576.json,Fryderyk Chopin,Ziege03,False,True,"Mermail Abyssteus%%%%Atlantean Heavy Infantry%%%%Deep Sea Diva%%%%Neptabyss, the Atlantean Prince%%%%Abyssrhine, the Atlantean Spirit%%%%",Maliss in the Mirror%%%%Maliss <P> March Hare%%%%Backup @Ignister%%%%Ash Blossom & Joyous Spring%%%%Maliss <C> GWC-06%%%%
1313181-78112773.json,Fryderyk Chopin,Chibi Itachi,False,False,Mermail Abyssteus%%%%Superancient Deepsea King Coelacanth%%%%Atlantean Dragoons%%%%Dominus Impulse%%%%Mulcharmy Fuwalos%%%%,Mulcharmy Fuwalos%%%%Yummy☆Surprise%%%%Yummyusment☆Mignon%%%%Cooky☆Yummy%%%%Infinite Impermanence%%%%
1313181-78113301.json,Fryderyk Chopin,illya,False,True,"Neptabyss, the Atlantean Prince%%%%Mermail Abyssteus%%%%Atlantean Dragoons%%%%Deep Sea Minstrel%%%%Poseidra, the Storming Atlantean%%%%",Infinite Impermanence%%%%Mulcharmy Fuwalos%%%%Yummyusment☆Mignon%%%%Ash Blossom & Joyous Spring%%%%Droll & Lock Bird%%%%
1313181-78113613.json,Fryderyk Chopin,KarlosS86,False,,"R.B. Lambda Cannon%%%%Mitsurugi no Mikoto, Aramasa%%%%Mulcharmy Fuwalos%%%%Mitsurugi Mirror%%%%Jet Synchron%%%%",The Hidden Hecahands%%%%Hecahands Yadel%%%%K9-04 Noroi%%%%Yad'al-Hecahands%%%%Mulcharmy Fuwalos%%%%
1313181-78114255.json,Fryderyk Chopin,barion,False,True,Forbidden Droplet%%%%Ash Blossom & Joyous Spring%%%%Scrap Recycler%%%%Mitsurugi Prayers%%%%Scrap Recycler%%%%,Fire King Courtier Ulcanix%%%%Fire King Avatar Kirin%%%%Mulcharmy Fuwalos%%%%Droll & Lock Bird%%%%Mulcharmy Fuwalos%%%%
1313181-78114879.json,Fryderyk Chopin,Valance060203,True,True,Scrap Recycler%%%%Ame no Murakumo no Mitsurugi%%%%Scrap Recycler%%%%Pre-Preparation of Rites%%%%Infinite Impermanence%%%%,Tri-Brigade Fraktall%%%%Lunalight Black Sheep%%%%Foolish Burial%%%%Lunalight Tiger%%%%Lunalight Gold Leo%%%%
1313181-78115439.json,Fryderyk Chopin,bubbleboy1998,False,True,"Ash Blossom & Joyous Spring%%%%Mitsurugi Prayers%%%%Mitsurugi Ritual%%%%Mitsurugi no Mikoto, Saji%%%%Mitsurugi no Mikoto, Kusanagi%%%%",Cupsy☆Yummy%%%%Lollipo☆Yummy%%%%Pot of Prosperity%%%%Ghost Belle & Haunted Mansion%%%%Forbidden Droplet%%%%
